date,state,positive,negative,pending,hospitalizedCurrently,hospitalizedCumulative,inIcuCurrently,inIcuCumulative,onVentilatorCurrently,onVentilatorCumulative,recovered,dataQualityGrade,lastUpdateEt,dateModified,checkTimeEt,death,hospitalized,dateChecked,totalTestsViral,positiveTestsViral,negativeTestsViral,positiveCasesViral,deathConfirmed,deathProbable,totalTestEncountersViral,totalTestsPeopleViral,totalTestsAntibody,positiveTestsAntibody,negativeTestsAntibody,totalTestsPeopleAntibody,positiveTestsPeopleAntibody,negativeTestsPeopleAntibody,totalTestsPeopleAntigen,positiveTestsPeopleAntigen,totalTestsAntigen,positiveTestsAntigen,fips,positiveIncrease,negativeIncrease,total,totalTestResults,totalTestResultsIncrease,posNeg,deathIncrease,hospitalizedIncrease,hash,commercialScore,negativeRegularScore,negativeScore,positiveScore,score,grade
20200420,Sindh,2764,,,,,,,,,,,,,,61,,,,,,,,,,,,,,,,,,,,,,,,,,,,,,,,,,,,
20200421,Sindh,3053,,,,,,,,,,,,,,66,,,,,,,,,,,,,,,,,,,,,,,,,,,,,,,,,,,,
20200422,Sindh,3373,,,,,,,,,,,,,,69,,,,,,,,,,,,,,,,,,,,,,,,,,,,,,,,,,,,
20200423,Sindh,3671,,,,,,,,,,,,,,73,,,,,,,,,,,,,,,,,,,,,,,,,,,,,,,,,,,,
20200424,Sindh,3945,,,,,,,,,,,,,,75,,,,,,,,,,,,,,,,,,,,,,,,,,,,,,,,,,,,
20200425,Sindh,4232,,,,,,,,,,,,,,78,,,,,,,,,,,,,,,,,,,,,,,,,,,,,,,,,,,,
20200426,Sindh,4615,,,,,,,,,,,,,,81,,,,,,,,,,,,,,,,,,,,,,,,,,,,,,,,,,,,
20200427,Sindh,4956,,,,,,,,,,,,,,85,,,,,,,,,,,,,,,,,,,,,,,,,,,,,,,,,,,,
20200428,Sindh,5291,,,,,,,,,,,,,,92,,,,,,,,,,,,,,,,,,,,,,,,,,,,,,,,,,,,
20200429,Sindh,5695,,,,,,,,,,,,,,100,,,,,,,,,,,,,,,,,,,,,,,,,,,,,,,,,,,,
20200430,Sindh,6053,,,,,,,,,,,,,,112,,,,,,,,,,,,,,,,,,,,,,,,,,,,,,,,,,,,
20200501,Sindh,6675,,,,,,,,,,,,,,118,,,,,,,,,,,,,,,,,,,,,,,,,,,,,,,,,,,,
20200502,Sindh,7102,,,,,,,,,,,,,,122,,,,,,,,,,,,,,,,,,,,,,,,,,,,,,,,,,,,
20200503,Sindh,7465,,,,,,,,,,,,,,130,,,,,,,,,,,,,,,,,,,,,,,,,,,,,,,,,,,,
20200504,Sindh,7882,,,,,,,,,,,,,,137,,,,,,,,,,,,,,,,,,,,,,,,,,,,,,,,,,,,
20200505,Sindh,8189,,,,,,,,,,,,,,148,,,,,,,,,,,,,,,,,,,,,,,,,,,,,,,,,,,,
20200506,Sindh,8640,,,,,,,,,,,,,,157,,,,,,,,,,,,,,,,,,,,,,,,,,,,,,,,,,,,
20200507,Sindh,9093,,,,,,,,,,,,,,171,,,,,,,,,,,,,,,,,,,,,,,,,,,,,,,,,,,,
20200508,Sindh,9691,,,,,,,,,,,,,,175,,,,,,,,,,,,,,,,,,,,,,,,,,,,,,,,,,,,
20200509,Sindh,10771,,,,,,,,,,,,,,180,,,,,,,,,,,,,,,,,,,,,,,,,,,,,,,,,,,,
20200510,Sindh,11480,,,,,,,,,,,,,,189,,,,,,,,,,,,,,,,,,,,,,,,,,,,,,,,,,,,
20200511,Sindh,12017,,,,,,,,,,,,,,200,,,,,,,,,,,,,,,,,,,,,,,,,,,,,,,,,,,,
20200512,Sindh,12610,,,,,,,,,,,,,,218,,,,,,,,,,,,,,,,,,,,,,,,,,,,,,,,,,,,
20200513,Sindh,13341,,,,,,,,,,,,,,234,,,,,,,,,,,,,,,,,,,,,,,,,,,,,,,,,,,,
20200514,Sindh,14099,,,,,,,,,,,,,,243,,,,,,,,,,,,,,,,,,,,,,,,,,,,,,,,,,,,
20200515,Sindh,14916,,,,,,,,,,,,,,255,,,,,,,,,,,,,,,,,,,,,,,,,,,,,,,,,,,,
20200516,Sindh,15590,,,,,,,,,,,,,,268,,,,,,,,,,,,,,,,,,,,,,,,,,,,,,,,,,,,
20200517,Sindh,16377,,,,,,,,,,,,,,277,,,,,,,,,,,,,,,,,,,,,,,,,,,,,,,,,,,,
20200518,Sindh,17241,,,,,,,,,,,,,,280,,,,,,,,,,,,,,,,,,,,,,,,,,,,,,,,,,,,
20200519,Sindh,17947,,,,,,,,,,,,,,299,,,,,,,,,,,,,,,,,,,,,,,,,,,,,,,,,,,,
20200520,Sindh,18964,,,,,,,,,,,,,,316,,,,,,,,,,,,,,,,,,,,,,,,,,,,,,,,,,,,
20200521,Sindh,19924,,,,,,,,,,,,,,336,,,,,,,,,,,,,,,,,,,,,,,,,,,,,,,,,,,,
20200522,Sindh,20883,,,,,,,,,,,,,,340,,,,,,,,,,,,,,,,,,,,,,,,,,,,,,,,,,,,
20200523,Sindh,21645,,,,,,,,,,,,,,354,,,,,,,,,,,,,,,,,,,,,,,,,,,,,,,,,,,,
20200524,Sindh,22491,,,,,,,,,,,,,,367,,,,,,,,,,,,,,,,,,,,,,,,,,,,,,,,,,,,
20200525,Sindh,22934,,,,,,,,,,,,,,369,,,,,,,,,,,,,,,,,,,,,,,,,,,,,,,,,,,,
20200526,Sindh,23507,,,,,,,,,,,,,,374,,,,,,,,,,,,,,,,,,,,,,,,,,,,,,,,,,,,
20200527,Sindh,24206,,,,,,,,,,,,,,380,,,,,,,,,,,,,,,,,,,,,,,,,,,,,,,,,,,,
20200528,Sindh,25309,,,,,,,,,,,,,,396,,,,,,,,,,,,,,,,,,,,,,,,,,,,,,,,,,,,
20200529,Sindh,26113,,,,,,,,,,,,,,427,,,,,,,,,,,,,,,,,,,,,,,,,,,,,,,,,,,,
20200530,Sindh,27360,,,,,,,,,,,,,,465,,,,,,,,,,,,,,,,,,,,,,,,,,,,,,,,,,,,
20200531,Sindh,28245,,,,,,,,,,,,,,481,,,,,,,,,,,,,,,,,,,,,,,,,,,,,,,,,,,,
20200601,Sindh,29647,,,,,,,,,,,,,,503,,,,,,,,,,,,,,,,,,,,,,,,,,,,,,,,,,,,
20200602,Sindh,31086,,,,,,,,,,,,,,526,,,,,,,,,,,,,,,,,,,,,,,,,,,,,,,,,,,,
20200603,Sindh,31869,,,,,,,,,,,,,,555,,,,,,,,,,,,,,,,,,,,,,,,,,,,,,,,,,,,
20200604,Sindh,33536,,,,,,,,,,,,,,575,,,,,,,,,,,,,,,,,,,,,,,,,,,,,,,,,,,,
20200605,Sindh,34889,,,,,,,,,,,,,,615,,,,,,,,,,,,,,,,,,,,,,,,,,,,,,,,,,,,
20200606,Sindh,36364,,,,,,,,,,,,,,634,,,,,,,,,,,,,,,,,,,,,,,,,,,,,,,,,,,,
20200607,Sindh,38108,,,,,,,,,,,,,,650,,,,,,,,,,,,,,,,,,,,,,,,,,,,,,,,,,,,
20200608,Sindh,39555,,,,,,,,,,,,,,679,,,,,,,,,,,,,,,,,,,,,,,,,,,,,,,,,,,,
20200609,Sindh,41303,,,,,,,,,,,,,,696,,,,,,,,,,,,,,,,,,,,,,,,,,,,,,,,,,,,
20200610,Sindh,43790,,,,,,,,,,,,,,738,,,,,,,,,,,,,,,,,,,,,,,,,,,,,,,,,,,,
20200611,Sindh,46828,,,,,,,,,,,,,,776,,,,,,,,,,,,,,,,,,,,,,,,,,,,,,,,,,,,
20200612,Sindh,49256,,,,,,,,,,,,,,793,,,,,,,,,,,,,,,,,,,,,,,,,,,,,,,,,,,,
20200613,Sindh,51518,,,,,,,,,,,,,,816,,,,,,,,,,,,,,,,,,,,,,,,,,,,,,,,,,,,
20200614,Sindh,53805,,,,,,,,,,,,,,831,,,,,,,,,,,,,,,,,,,,,,,,,,,,,,,,,,,,
20200615,Sindh,55581,,,,,,,,,,,,,,853,,,,,,,,,,,,,,,,,,,,,,,,,,,,,,,,,,,,
20200616,Sindh,57868,,,,,,,,,,,,,,886,,,,,,,,,,,,,,,,,,,,,,,,,,,,,,,,,,,,
20200617,Sindh,59983,,,,,,,,,,,,,,916,,,,,,,,,,,,,,,,,,,,,,,,,,,,,,,,,,,,
20200618,Sindh,62269,,,,,,,,,,,,,,964,,,,,,,,,,,,,,,,,,,,,,,,,,,,,,,,,,,,
20200619,Sindh,65163,,,,,,,,,,,,,,1013,,,,,,,,,,,,,,,,,,,,,,,,,,,,,,,,,,,,
20200620,Sindh,67353,,,,,,,,,,,,,,1048,,,,,,,,,,,,,,,,,,,,,,,,,,,,,,,,,,,,
20200621,Sindh,69628,,,,,,,,,,,,,,1089,,,,,,,,,,,,,,,,,,,,,,,,,,,,,,,,,,,,
20200622,Sindh,71092,,,,,,,,,,,,,,1103,,,,,,,,,,,,,,,,,,,,,,,,,,,,,,,,,,,,
20200623,Sindh,72656,,,,,,,,,,,,,,1124,,,,,,,,,,,,,,,,,,,,,,,,,,,,,,,,,,,,
20200624,Sindh,74070,,,,,,,,,,,,,,1161,,,,,,,,,,,,,,,,,,,,,,,,,,,,,,,,,,,,
20200625,Sindh,75168,,,,,,,,,,,,,,1178,,,,,,,,,,,,,,,,,,,,,,,,,,,,,,,,,,,,
20200626,Sindh,76318,,,,,,,,,,,,,,1205,,,,,,,,,,,,,,,,,,,,,,,,,,,,,,,,,,,,
20200627,Sindh,78267,,,,,,,,,,,,,,1243,,,,,,,,,,,,,,,,,,,,,,,,,,,,,,,,,,,,
20200628,Sindh,80446,,,,,,,,,,,,,,1288,,,,,,,,,,,,,,,,,,,,,,,,,,,,,,,,,,,,
20200629,Sindh,81985,,,,,,,,,,,,,,1343,,,,,,,,,,,,,,,,,,,,,,,,,,,,,,,,,,,,
20200630,Sindh,84640,,,,,,,,,,,,,,1377,,,,,,,,,,,,,,,,,,,,,,,,,,,,,,,,,,,,
20200701,Sindh,86795,,,,,,,,,,,,,,1406,,,,,,,,,,,,,,,,,,,,,,,,,,,,,,,,,,,,
20200702,Sindh,89225,,,,,,,,,,,,,,1437,,,,,,,,,,,,,,,,,,,,,,,,,,,,,,,,,,,,
20200703,Sindh,90721,,,,,,,,,,,,,,1459,,,,,,,,,,,,,,,,,,,,,,,,,,,,,,,,,,,,
20200704,Sindh,92306,,,,,,,,,,,,,,1501,,,,,,,,,,,,,,,,,,,,,,,,,,,,,,,,,,,,
20200705,Sindh,94528,,,,,,,,,,,,,,1526,,,,,,,,,,,,,,,,,,,,,,,,,,,,,,,,,,,,
20200706,Sindh,96236,,,,,,,,,,,,,,1572,,,,,,,,,,,,,,,,,,,,,,,,,,,,,,,,,,,,
20200707,Sindh,97626,,,,,,,,,,,,,,1614,,,,,,,,,,,,,,,,,,,,,,,,,,,,,,,,,,,,
20200708,Sindh,99362,,,,,,,,,,,,,,1637,,,,,,,,,,,,,,,,,,,,,,,,,,,,,,,,,,,,
20200709,Sindh,100900,,,,,,,,,,,,,,1677,,,,,,,,,,,,,,,,,,,,,,,,,,,,,,,,,,,,
20200710,Sindh,102368,,,,,,,,,,,,,,1713,,,,,,,,,,,,,,,,,,,,,,,,,,,,,,,,,,,,
20200711,Sindh,103820,,,,,,,,,,,,,,1747,,,,,,,,,,,,,,,,,,,,,,,,,,,,,,,,,,,,
20200712,Sindh,105533,,,,,,,,,,,,,,1795,,,,,,,,,,,,,,,,,,,,,,,,,,,,,,,,,,,,
20200713,Sindh,106622,,,,,,,,,,,,,,1826,,,,,,,,,,,,,,,,,,,,,,,,,,,,,,,,,,,,
20200714,Sindh,107773,,,,,,,,,,,,,,1863,,,,,,,,,,,,,,,,,,,,,,,,,,,,,,,,,,,,
20200715,Sindh,108913,,,,,,,,,,,,,,1888,,,,,,,,,,,,,,,,,,,,,,,,,,,,,,,,,,,,
20200716,Sindh,110068,,,,,,,,,,,,,,1922,,,,,,,,,,,,,,,,,,,,,,,,,,,,,,,,,,,,
20200717,Sindh,111238,,,,,,,,,,,,,,1952,,,,,,,,,,,,,,,,,,,,,,,,,,,,,,,,,,,,
20200718,Sindh,112118,,,,,,,,,,,,,,1974,,,,,,,,,,,,,,,,,,,,,,,,,,,,,,,,,,,,
20200719,Sindh,113007,,,,,,,,,,,,,,1993,,,,,,,,,,,,,,,,,,,,,,,,,,,,,,,,,,,,
20200720,Sindh,113553,,,,,,,,,,,,,,2019,,,,,,,,,,,,,,,,,,,,,,,,,,,,,,,,,,,,
20200721,Sindh,114104,,,,,,,,,,,,,,2041,,,,,,,,,,,,,,,,,,,,,,,,,,,,,,,,,,,,
20200722,Sindh,115213,,,,,,,,,,,,,,2060,,,,,,,,,,,,,,,,,,,,,,,,,,,,,,,,,,,,
20200723,Sindh,115883,,,,,,,,,,,,,,2096,,,,,,,,,,,,,,,,,,,,,,,,,,,,,,,,,,,,
20200724,Sindh,116800,,,,,,,,,,,,,,2110,,,,,,,,,,,,,,,,,,,,,,,,,,,,,,,,,,,,
20200725,Sindh,117598,,,,,,,,,,,,,,2135,,,,,,,,,,,,,,,,,,,,,,,,,,,,,,,,,,,,
20200726,Sindh,118311,,,,,,,,,,,,,,2151,,,,,,,,,,,,,,,,,,,,,,,,,,,,,,,,,,,,
20200727,Sindh,118824,,,,,,,,,,,,,,2162,,,,,,,,,,,,,,,,,,,,,,,,,,,,,,,,,,,,
20200728,Sindh,119398,,,,,,,,,,,,,,2172,,,,,,,,,,,,,,,,,,,,,,,,,,,,,,,,,,,,
20200729,Sindh,120052,,,,,,,,,,,,,,2189,,,,,,,,,,,,,,,,,,,,,,,,,,,,,,,,,,,,
20200730,Sindh,120550,,,,,,,,,,,,,,2209,,,,,,,,,,,,,,,,,,,,,,,,,,,,,,,,,,,,
20200731,Sindh,121039,,,,,,,,,,,,,,2220,,,,,,,,,,,,,,,,,,,,,,,,,,,,,,,,,,,,
20200801,Sindh,121309,,,,,,,,,,,,,,2223,,,,,,,,,,,,,,,,,,,,,,,,,,,,,,,,,,,,
20200802,Sindh,121486,,,,,,,,,,,,,,2224,,,,,,,,,,,,,,,,,,,,,,,,,,,,,,,,,,,,
20200803,Sindh,121705,,,,,,,,,,,,,,2226,,,,,,,,,,,,,,,,,,,,,,,,,,,,,,,,,,,,
20200804,Sindh,122016,,,,,,,,,,,,,,2231,,,,,,,,,,,,,,,,,,,,,,,,,,,,,,,,,,,,
20200805,Sindh,122373,,,,,,,,,,,,,,2245,,,,,,,,,,,,,,,,,,,,,,,,,,,,,,,,,,,,
20200806,Sindh,122759,,,,,,,,,,,,,,2250,,,,,,,,,,,,,,,,,,,,,,,,,,,,,,,,,,,,
20200807,Sindh,123246,,,,,,,,,,,,,,2259,,,,,,,,,,,,,,,,,,,,,,,,,,,,,,,,,,,,
20200808,Sindh,123546,,,,,,,,,,,,,,2262,,,,,,,,,,,,,,,,,,,,,,,,,,,,,,,,,,,,
20200809,Sindh,123849,,,,,,,,,,,,,,2272,,,,,,,,,,,,,,,,,,,,,,,,,,,,,,,,,,,,
20200810,Sindh,124127,,,,,,,,,,,,,,2282,,,,,,,,,,,,,,,,,,,,,,,,,,,,,,,,,,,,
20200811,Sindh,124556,,,,,,,,,,,,,,2290,,,,,,,,,,,,,,,,,,,,,,,,,,,,,,,,,,,,
20200812,Sindh,124929,,,,,,,,,,,,,,2297,,,,,,,,,,,,,,,,,,,,,,,,,,,,,,,,,,,,
20200813,Sindh,125289,,,,,,,,,,,,,,2307,,,,,,,,,,,,,,,,,,,,,,,,,,,,,,,,,,,,
20200814,Sindh,125632,,,,,,,,,,,,,,2313,,,,,,,,,,,,,,,,,,,,,,,,,,,,,,,,,,,,
20200815,Sindh,125904,,,,,,,,,,,,,,2317,,,,,,,,,,,,,,,,,,,,,,,,,,,,,,,,,,,,
20200816,Sindh,126182,,,,,,,,,,,,,,2322,,,,,,,,,,,,,,,,,,,,,,,,,,,,,,,,,,,,
20200817,Sindh,126425,,,,,,,,,,,,,,2331,,,,,,,,,,,,,,,,,,,,,,,,,,,,,,,,,,,,
20200818,Sindh,126743,,,,,,,,,,,,,,2336,,,,,,,,,,,,,,,,,,,,,,,,,,,,,,,,,,,,
20200819,Sindh,127060,,,,,,,,,,,,,,2343,,,,,,,,,,,,,,,,,,,,,,,,,,,,,,,,,,,,
20200820,Sindh,127381,,,,,,,,,,,,,,2350,,,,,,,,,,,,,,,,,,,,,,,,,,,,,,,,,,,,
20200821,Sindh,127691,,,,,,,,,,,,,,2357,,,,,,,,,,,,,,,,,,,,,,,,,,,,,,,,,,,,
20200822,Sindh,127965,,,,,,,,,,,,,,2358,,,,,,,,,,,,,,,,,,,,,,,,,,,,,,,,,,,,
20200823,Sindh,128284,,,,,,,,,,,,,,2367,,,,,,,,,,,,,,,,,,,,,,,,,,,,,,,,,,,,
20200420,Punjab,4195,,,,,,,,,,,,,,600,,,,,,,,,,,,,,,,,,,,,,,,,,,,,,,,,,,,
20200421,Punjab,4328,,,,,,,,,,,,,,595,,,,,,,,,,,,,,,,,,,,,,,,,,,,,,,,,,,,
20200422,Punjab,4590,,,,,,,,,,,,,,10067,,,,,,,,,,,,,,,,,,,,,,,,,,,,,,,,,,,,
20200423,Punjab,4767,,,,,,,,,,,,,,4849,,,,,,,,,,,,,,,,,,,,,,,,,,,,,,,,,,,,
20200424,Punjab,5046,,,,,,,,,,,,,,5,,,,,,,,,,,,,,,,,,,,,,,,,,,,,,,,,,,,
20200425,Punjab,5378,,,,,,,,,,,,,,42,,,,,,,,,,,,,,,,,,,,,,,,,,,,,,,,,,,,
20200426,Punjab,5446,,,,,,,,,,,,,,1006,,,,,,,,,,,,,,,,,,,,,,,,,,,,,,,,,,,,
20200427,Punjab,5640,,,,,,,,,,,,,,282,,,,,,,,,,,,,,,,,,,,,,,,,,,,,,,,,,,,
20200428,Punjab,5827,,,,,,,,,,,,,,8017,,,,,,,,,,,,,,,,,,,,,,,,,,,,,,,,,,,,
20200429,Punjab,6061,,,,,,,,,,,,,,3180,,,,,,,,,,,,,,,,,,,,,,,,,,,,,,,,,,,,
20200430,Punjab,6340,,,,,,,,,,,,,,411,,,,,,,,,,,,,,,,,,,,,,,,,,,,,,,,,,,,
20200501,Punjab,6733,,,,,,,,,,,,,,842,,,,,,,,,,,,,,,,,,,,,,,,,,,,,,,,,,,,
20200502,Punjab,7106,,,,,,,,,,,,,,4609,,,,,,,,,,,,,,,,,,,,,,,,,,,,,,,,,,,,
20200503,Punjab,7524,,,,,,,,,,,,,,8876,,,,,,,,,,,,,,,,,,,,,,,,,,,,,,,,,,,,
20200504,Punjab,8103,,,,,,,,,,,,,,3661,,,,,,,,,,,,,,,,,,,,,,,,,,,,,,,,,,,,
20200505,Punjab,8420,,,,,,,,,,,,,,127,,,,,,,,,,,,,,,,,,,,,,,,,,,,,,,,,,,,
20200506,Punjab,9077,,,,,,,,,,,,,,6618,,,,,,,,,,,,,,,,,,,,,,,,,,,,,,,,,,,,
20200507,Punjab,10033,,,,,,,,,,,,,,1784,,,,,,,,,,,,,,,,,,,,,,,,,,,,,,,,,,,,
20200508,Punjab,10471,,,,,,,,,,,,,,1414,,,,,,,,,,,,,,,,,,,,,,,,,,,,,,,,,,,,
20200509,Punjab,11093,,,,,,,,,,,,,,2,,,,,,,,,,,,,,,,,,,,,,,,,,,,,,,,,,,,
20200510,Punjab,11568,,,,,,,,,,,,,,2163,,,,,,,,,,,,,,,,,,,,,,,,,,,,,,,,,,,,
20200511,Punjab,11869,,,,,,,,,,,,,,84,,,,,,,,,,,,,,,,,,,,,,,,,,,,,,,,,,,,
20200512,Punjab,13225,,,,,,,,,,,,,,2431,,,,,,,,,,,,,,,,,,,,,,,,,,,,,,,,,,,,
20200513,Punjab,13561,,,,,,,,,,,,,,110,,,,,,,,,,,,,,,,,,,,,,,,,,,,,,,,,,,,
20200514,Punjab,13914,,,,,,,,,,,,,,368,,,,,,,,,,,,,,,,,,,,,,,,,,,,,,,,,,,,
20200515,Punjab,14201,,,,,,,,,,,,,,427,,,,,,,,,,,,,,,,,,,,,,,,,,,,,,,,,,,,
20200516,Punjab,14584,,,,,,,,,,,,,,15926,,,,,,,,,,,,,,,,,,,,,,,,,,,,,,,,,,,,
20200517,Punjab,15346,,,,,,,,,,,,,,723,,,,,,,,,,,,,,,,,,,,,,,,,,,,,,,,,,,,
20200518,Punjab,15976,,,,,,,,,,,,,,1134,,,,,,,,,,,,,,,,,,,,,,,,,,,,,,,,,,,,
20200519,Punjab,16685,,,,,,,,,,,,,,25270,,,,,,,,,,,,,,,,,,,,,,,,,,,,,,,,,,,,
20200520,Punjab,17382,,,,,,,,,,,,,,3907,,,,,,,,,,,,,,,,,,,,,,,,,,,,,,,,,,,,
20200521,Punjab,18455,,,,,,,,,,,,,,699,,,,,,,,,,,,,,,,,,,,,,,,,,,,,,,,,,,,
20200522,Punjab,18730,,,,,,,,,,,,,,408,,,,,,,,,,,,,,,,,,,,,,,,,,,,,,,,,,,,
20200523,Punjab,19557,,,,,,,,,,,,,,7523,,,,,,,,,,,,,,,,,,,,,,,,,,,,,,,,,,,,
20200524,Punjab,20077,,,,,,,,,,,,,,356,,,,,,,,,,,,,,,,,,,,,,,,,,,,,,,,,,,,
20200525,Punjab,20654,,,,,,,,,,,,,,1027,,,,,,,,,,,,,,,,,,,,,,,,,,,,,,,,,,,,
20200526,Punjab,21118,,,,,,,,,,,,,,2360,,,,,,,,,,,,,,,,,,,,,,,,,,,,,,,,,,,,
20200527,Punjab,22037,,,,,,,,,,,,,,155,,,,,,,,,,,,,,,,,,,,,,,,,,,,,,,,,,,,
20200528,Punjab,22964,,,,,,,,,,,,,,1452,,,,,,,,,,,,,,,,,,,,,,,,,,,,,,,,,,,,
20200529,Punjab,24104,,,,,,,,,,,,,,10559,,,,,,,,,,,,,,,,,,,,,,,,,,,,,,,,,,,,
20200530,Punjab,25056,,,,,,,,,,,,,,377,,,,,,,,,,,,,,,,,,,,,,,,,,,,,,,,,,,,
20200531,Punjab,26240,,,,,,,,,,,,,,2410,,,,,,,,,,,,,,,,,,,,,,,,,,,,,,,,,,,,
20200601,Punjab,27850,,,,,,,,,,,,,,9,,,,,,,,,,,,,,,,,,,,,,,,,,,,,,,,,,,,
20200602,Punjab,29489,,,,,,,,,,,,,,58,,,,,,,,,,,,,,,,,,,,,,,,,,,,,,,,,,,,
20200603,Punjab,31104,,,,,,,,,,,,,,1809,,,,,,,,,,,,,,,,,,,,,,,,,,,,,,,,,,,,
20200604,Punjab,33144,,,,,,,,,,,,,,1067,,,,,,,,,,,,,,,,,,,,,,,,,,,,,,,,,,,,
20200605,Punjab,35308,,,,,,,,,,,,,,166,,,,,,,,,,,,,,,,,,,,,,,,,,,,,,,,,,,,
20200606,Punjab,37090,,,,,,,,,,,,,,34,,,,,,,,,,,,,,,,,,,,,,,,,,,,,,,,,,,,
20200607,Punjab,38903,,,,,,,,,,,,,,29,,,,,,,,,,,,,,,,,,,,,,,,,,,,,,,,,,,,
20200608,Punjab,40819,,,,,,,,,,,,,,1936,,,,,,,,,,,,,,,,,,,,,,,,,,,,,,,,,,,,
20200609,Punjab,43460,,,,,,,,,,,,,,619,,,,,,,,,,,,,,,,,,,,,,,,,,,,,,,,,,,,
20200610,Punjab,45463,,,,,,,,,,,,,,0,,,,,,,,,,,,,,,,,,,,,,,,,,,,,,,,,,,,
20200611,Punjab,47382,,,,,,,,,,,,,,4529,,,,,,,,,,,,,,,,,,,,,,,,,,,,,,,,,,,,
20200612,Punjab,50087,,,,,,,,,,,,,,11342,,,,,,,,,,,,,,,,,,,,,,,,,,,,,,,,,,,,
20200613,Punjab,52601,,,,,,,,,,,,,,1778,,,,,,,,,,,,,,,,,,,,,,,,,,,,,,,,,,,,
20200614,Punjab,54138,,,,,,,,,,,,,,4456,,,,,,,,,,,,,,,,,,,,,,,,,,,,,,,,,,,,
20200615,Punjab,55878,,,,,,,,,,,,,,599,,,,,,,,,,,,,,,,,,,,,,,,,,,,,,,,,,,,
20200616,Punjab,58239,,,,,,,,,,,,,,593,,,,,,,,,,,,,,,,,,,,,,,,,,,,,,,,,,,,
20200617,Punjab,60138,,,,,,,,,,,,,,9893,,,,,,,,,,,,,,,,,,,,,,,,,,,,,,,,,,,,
20200618,Punjab,61678,,,,,,,,,,,,,,4794,,,,,,,,,,,,,,,,,,,,,,,,,,,,,,,,,,,,
20200619,Punjab,64216,,,,,,,,,,,,,,5,,,,,,,,,,,,,,,,,,,,,,,,,,,,,,,,,,,,
20200620,Punjab,65739,,,,,,,,,,,,,,40,,,,,,,,,,,,,,,,,,,,,,,,,,,,,,,,,,,,
20200621,Punjab,66943,,,,,,,,,,,,,,989,,,,,,,,,,,,,,,,,,,,,,,,,,,,,,,,,,,,
20200622,Punjab,68308,,,,,,,,,,,,,,273,,,,,,,,,,,,,,,,,,,,,,,,,,,,,,,,,,,,
20200623,Punjab,69536,,,,,,,,,,,,,,7993,,,,,,,,,,,,,,,,,,,,,,,,,,,,,,,,,,,,
20200624,Punjab,71191,,,,,,,,,,,,,,3165,,,,,,,,,,,,,,,,,,,,,,,,,,,,,,,,,,,,
20200625,Punjab,71987,,,,,,,,,,,,,,405,,,,,,,,,,,,,,,,,,,,,,,,,,,,,,,,,,,,
20200626,Punjab,72880,,,,,,,,,,,,,,830,,,,,,,,,,,,,,,,,,,,,,,,,,,,,,,,,,,,
20200627,Punjab,74202,,,,,,,,,,,,,,4554,,,,,,,,,,,,,,,,,,,,,,,,,,,,,,,,,,,,
20200628,Punjab,74778,,,,,,,,,,,,,,8839,,,,,,,,,,,,,,,,,,,,,,,,,,,,,,,,,,,,
20200629,Punjab,75501,,,,,,,,,,,,,,3650,,,,,,,,,,,,,,,,,,,,,,,,,,,,,,,,,,,,
20200630,Punjab,76262,,,,,,,,,,,,,,127,,,,,,,,,,,,,,,,,,,,,,,,,,,,,,,,,,,,
20200701,Punjab,77740,,,,,,,,,,,,,,6608,,,,,,,,,,,,,,,,,,,,,,,,,,,,,,,,,,,,
20200702,Punjab,78956,,,,,,,,,,,,,,1767,,,,,,,,,,,,,,,,,,,,,,,,,,,,,,,,,,,,
20200703,Punjab,80297,,,,,,,,,,,,,,1402,,,,,,,,,,,,,,,,,,,,,,,,,,,,,,,,,,,,
20200704,Punjab,81317,,,,,,,,,,,,,,2,,,,,,,,,,,,,,,,,,,,,,,,,,,,,,,,,,,,
20200705,Punjab,81963,,,,,,,,,,,,,,2128,,,,,,,,,,,,,,,,,,,,,,,,,,,,,,,,,,,,
20200706,Punjab,82669,,,,,,,,,,,,,,84,,,,,,,,,,,,,,,,,,,,,,,,,,,,,,,,,,,,
20200707,Punjab,83599,,,,,,,,,,,,,,2396,,,,,,,,,,,,,,,,,,,,,,,,,,,,,,,,,,,,
20200708,Punjab,84587,,,,,,,,,,,,,,109,,,,,,,,,,,,,,,,,,,,,,,,,,,,,,,,,,,,
20200709,Punjab,85261,,,,,,,,,,,,,,362,,,,,,,,,,,,,,,,,,,,,,,,,,,,,,,,,,,,
20200710,Punjab,85991,,,,,,,,,,,,,,424,,,,,,,,,,,,,,,,,,,,,,,,,,,,,,,,,,,,
20200711,Punjab,86556,,,,,,,,,,,,,,15915,,,,,,,,,,,,,,,,,,,,,,,,,,,,,,,,,,,,
20200712,Punjab,87043,,,,,,,,,,,,,,718,,,,,,,,,,,,,,,,,,,,,,,,,,,,,,,,,,,,
20200713,Punjab,87492,,,,,,,,,,,,,,1102,,,,,,,,,,,,,,,,,,,,,,,,,,,,,,,,,,,,
20200714,Punjab,88045,,,,,,,,,,,,,,25264,,,,,,,,,,,,,,,,,,,,,,,,,,,,,,,,,,,,
20200715,Punjab,88539,,,,,,,,,,,,,,3871,,,,,,,,,,,,,,,,,,,,,,,,,,,,,,,,,,,,
20200716,Punjab,89023,,,,,,,,,,,,,,682,,,,,,,,,,,,,,,,,,,,,,,,,,,,,,,,,,,,
20200717,Punjab,89465,,,,,,,,,,,,,,397,,,,,,,,,,,,,,,,,,,,,,,,,,,,,,,,,,,,
20200718,Punjab,89793,,,,,,,,,,,,,,7499,,,,,,,,,,,,,,,,,,,,,,,,,,,,,,,,,,,,
20200719,Punjab,90191,,,,,,,,,,,,,,346,,,,,,,,,,,,,,,,,,,,,,,,,,,,,,,,,,,,
20200720,Punjab,90444,,,,,,,,,,,,,,1024,,,,,,,,,,,,,,,,,,,,,,,,,,,,,,,,,,,,
20200721,Punjab,90816,,,,,,,,,,,,,,2343,,,,,,,,,,,,,,,,,,,,,,,,,,,,,,,,,,,,
20200722,Punjab,91129,,,,,,,,,,,,,,154,,,,,,,,,,,,,,,,,,,,,,,,,,,,,,,,,,,,
20200723,Punjab,91423,,,,,,,,,,,,,,1426,,,,,,,,,,,,,,,,,,,,,,,,,,,,,,,,,,,,
20200724,Punjab,91691,,,,,,,,,,,,,,10250,,,,,,,,,,,,,,,,,,,,,,,,,,,,,,,,,,,,
20200725,Punjab,91901,,,,,,,,,,,,,,369,,,,,,,,,,,,,,,,,,,,,,,,,,,,,,,,,,,,
20200726,Punjab,92073,,,,,,,,,,,,,,2396,,,,,,,,,,,,,,,,,,,,,,,,,,,,,,,,,,,,
20200727,Punjab,92279,,,,,,,,,,,,,,9,,,,,,,,,,,,,,,,,,,,,,,,,,,,,,,,,,,,
20200728,Punjab,92452,,,,,,,,,,,,,,58,,,,,,,,,,,,,,,,,,,,,,,,,,,,,,,,,,,,
20200729,Punjab,92655,,,,,,,,,,,,,,1785,,,,,,,,,,,,,,,,,,,,,,,,,,,,,,,,,,,,
20200730,Punjab,92873,,,,,,,,,,,,,,1059,,,,,,,,,,,,,,,,,,,,,,,,,,,,,,,,,,,,
20200731,Punjab,93057,,,,,,,,,,,,,,164,,,,,,,,,,,,,,,,,,,,,,,,,,,,,,,,,,,,
20200801,Punjab,93173,,,,,,,,,,,,,,34,,,,,,,,,,,,,,,,,,,,,,,,,,,,,,,,,,,,
20200802,Punjab,93197,,,,,,,,,,,,,,28,,,,,,,,,,,,,,,,,,,,,,,,,,,,,,,,,,,,
20200803,Punjab,93336,,,,,,,,,,,,,,1925,,,,,,,,,,,,,,,,,,,,,,,,,,,,,,,,,,,,
20200804,Punjab,93571,,,,,,,,,,,,,,603,,,,,,,,,,,,,,,,,,,,,,,,,,,,,,,,,,,,
20200805,Punjab,93847,,,,,,,,,,,,,,0,,,,,,,,,,,,,,,,,,,,,,,,,,,,,,,,,,,,
20200806,Punjab,94040,,,,,,,,,,,,,,4506,,,,,,,,,,,,,,,,,,,,,,,,,,,,,,,,,,,,
20200807,Punjab,94223,,,,,,,,,,,,,,11242,,,,,,,,,,,,,,,,,,,,,,,,,,,,,,,,,,,,
20200808,Punjab,94360,,,,,,,,,,,,,,1768,,,,,,,,,,,,,,,,,,,,,,,,,,,,,,,,,,,,
20200809,Punjab,94477,,,,,,,,,,,,,,4456,,,,,,,,,,,,,,,,,,,,,,,,,,,,,,,,,,,,
20200810,Punjab,94586,,,,,,,,,,,,,,597,,,,,,,,,,,,,,,,,,,,,,,,,,,,,,,,,,,,
20200811,Punjab,94715,,,,,,,,,,,,,,593,,,,,,,,,,,,,,,,,,,,,,,,,,,,,,,,,,,,
20200812,Punjab,94865,,,,,,,,,,,,,,9674,,,,,,,,,,,,,,,,,,,,,,,,,,,,,,,,,,,,
20200813,Punjab,94993,,,,,,,,,,,,,,4727,,,,,,,,,,,,,,,,,,,,,,,,,,,,,,,,,,,,
20200814,Punjab,95203,,,,,,,,,,,,,,5,,,,,,,,,,,,,,,,,,,,,,,,,,,,,,,,,,,,
20200815,Punjab,95391,,,,,,,,,,,,,,40,,,,,,,,,,,,,,,,,,,,,,,,,,,,,,,,,,,,
20200816,Punjab,95447,,,,,,,,,,,,,,981,,,,,,,,,,,,,,,,,,,,,,,,,,,,,,,,,,,,
20200817,Punjab,95611,,,,,,,,,,,,,,269,,,,,,,,,,,,,,,,,,,,,,,,,,,,,,,,,,,,
20200818,Punjab,95742,,,,,,,,,,,,,,7967,,,,,,,,,,,,,,,,,,,,,,,,,,,,,,,,,,,,
20200819,Punjab,95800,,,,,,,,,,,,,,3135,,,,,,,,,,,,,,,,,,,,,,,,,,,,,,,,,,,,
20200820,Punjab,95958,,,,,,,,,,,,,,405,,,,,,,,,,,,,,,,,,,,,,,,,,,,,,,,,,,,
20200821,Punjab,96057,,,,,,,,,,,,,,818,,,,,,,,,,,,,,,,,,,,,,,,,,,,,,,,,,,,
20200822,Punjab,96178,,,,,,,,,,,,,,4526,,,,,,,,,,,,,,,,,,,,,,,,,,,,,,,,,,,,
20200823,Punjab,96233,,,,,,,,,,,,,,8833,,,,,,,,,,,,,,,,,,,,,,,,,,,,,,,,,,,,
20200420,KPK,1276,,,,,,,,,,,,,,813,,,,,,,,,,,,,,,,,,,,,,,,,,,,,,,,,,,,
20200421,KPK,1367,,,,,,,,,,,,,,4507,,,,,,,,,,,,,,,,,,,,,,,,,,,,,,,,,,,,
20200422,KPK,1453,,,,,,,,,,,,,,8829,,,,,,,,,,,,,,,,,,,,,,,,,,,,,,,,,,,,
20200423,KPK,1541,,,,,,,,,,,,,,3639,,,,,,,,,,,,,,,,,,,,,,,,,,,,,,,,,,,,
20200424,KPK,1708,,,,,,,,,,,,,,127,,,,,,,,,,,,,,,,,,,,,,,,,,,,,,,,,,,,
20200425,KPK,1793,,,,,,,,,,,,,,6592,,,,,,,,,,,,,,,,,,,,,,,,,,,,,,,,,,,,
20200426,KPK,1864,,,,,,,,,,,,,,1752,,,,,,,,,,,,,,,,,,,,,,,,,,,,,,,,,,,,
20200427,KPK,1984,,,,,,,,,,,,,,1367,,,,,,,,,,,,,,,,,,,,,,,,,,,,,,,,,,,,
20200428,KPK,2160,,,,,,,,,,,,,,2,,,,,,,,,,,,,,,,,,,,,,,,,,,,,,,,,,,,
20200429,KPK,2313,,,,,,,,,,,,,,2084,,,,,,,,,,,,,,,,,,,,,,,,,,,,,,,,,,,,
20200430,KPK,2627,,,,,,,,,,,,,,82,,,,,,,,,,,,,,,,,,,,,,,,,,,,,,,,,,,,
20200501,KPK,2799,,,,,,,,,,,,,,2347,,,,,,,,,,,,,,,,,,,,,,,,,,,,,,,,,,,,
20200502,KPK,2907,,,,,,,,,,,,,,105,,,,,,,,,,,,,,,,,,,,,,,,,,,,,,,,,,,,
20200503,KPK,3129,,,,,,,,,,,,,,361,,,,,,,,,,,,,,,,,,,,,,,,,,,,,,,,,,,,
20200504,KPK,3288,,,,,,,,,,,,,,423,,,,,,,,,,,,,,,,,,,,,,,,,,,,,,,,,,,,
20200505,KPK,3499,,,,,,,,,,,,,,15902,,,,,,,,,,,,,,,,,,,,,,,,,,,,,,,,,,,,
20200506,KPK,3712,,,,,,,,,,,,,,711,,,,,,,,,,,,,,,,,,,,,,,,,,,,,,,,,,,,
20200507,KPK,3956,,,,,,,,,,,,,,1072,,,,,,,,,,,,,,,,,,,,,,,,,,,,,,,,,,,,
20200508,KPK,4327,,,,,,,,,,,,,,25250,,,,,,,,,,,,,,,,,,,,,,,,,,,,,,,,,,,,
20200509,KPK,4509,,,,,,,,,,,,,,3826,,,,,,,,,,,,,,,,,,,,,,,,,,,,,,,,,,,,
20200510,KPK,4669,,,,,,,,,,,,,,661,,,,,,,,,,,,,,,,,,,,,,,,,,,,,,,,,,,,
20200511,KPK,4875,,,,,,,,,,,,,,388,,,,,,,,,,,,,,,,,,,,,,,,,,,,,,,,,,,,
20200512,KPK,5021,,,,,,,,,,,,,,7468,,,,,,,,,,,,,,,,,,,,,,,,,,,,,,,,,,,,
20200513,KPK,5252,,,,,,,,,,,,,,335,,,,,,,,,,,,,,,,,,,,,,,,,,,,,,,,,,,,
20200514,KPK,5423,,,,,,,,,,,,,,1022,,,,,,,,,,,,,,,,,,,,,,,,,,,,,,,,,,,,
20200515,KPK,5678,,,,,,,,,,,,,,2269,,,,,,,,,,,,,,,,,,,,,,,,,,,,,,,,,,,,
20200516,KPK,5847,,,,,,,,,,,,,,153,,,,,,,,,,,,,,,,,,,,,,,,,,,,,,,,,,,,
20200517,KPK,6061,,,,,,,,,,,,,,1366,,,,,,,,,,,,,,,,,,,,,,,,,,,,,,,,,,,,
20200518,KPK,6230,,,,,,,,,,,,,,9983,,,,,,,,,,,,,,,,,,,,,,,,,,,,,,,,,,,,
20200519,KPK,6554,,,,,,,,,,,,,,363,,,,,,,,,,,,,,,,,,,,,,,,,,,,,,,,,,,,
20200520,KPK,6815,,,,,,,,,,,,,,2381,,,,,,,,,,,,,,,,,,,,,,,,,,,,,,,,,,,,
20200521,KPK,7155,,,,,,,,,,,,,,9,,,,,,,,,,,,,,,,,,,,,,,,,,,,,,,,,,,,
20200522,KPK,7391,,,,,,,,,,,,,,58,,,,,,,,,,,,,,,,,,,,,,,,,,,,,,,,,,,,
20200523,KPK,7685,,,,,,,,,,,,,,1766,,,,,,,,,,,,,,,,,,,,,,,,,,,,,,,,,,,,
20200524,KPK,7905,,,,,,,,,,,,,,1046,,,,,,,,,,,,,,,,,,,,,,,,,,,,,,,,,,,,
20200525,KPK,8080,,,,,,,,,,,,,,160,,,,,,,,,,,,,,,,,,,,,,,,,,,,,,,,,,,,
20200526,KPK,8259,,,,,,,,,,,,,,30,,,,,,,,,,,,,,,,,,,,,,,,,,,,,,,,,,,,
20200527,KPK,8483,,,,,,,,,,,,,,28,,,,,,,,,,,,,,,,,,,,,,,,,,,,,,,,,,,,
20200528,KPK,8842,,,,,,,,,,,,,,1896,,,,,,,,,,,,,,,,,,,,,,,,,,,,,,,,,,,,
20200529,KPK,9067,,,,,,,,,,,,,,600,,,,,,,,,,,,,,,,,,,,,,,,,,,,,,,,,,,,
20200530,KPK,9540,,,,,,,,,,,,,,0,,,,,,,,,,,,,,,,,,,,,,,,,,,,,,,,,,,,
20200531,KPK,10027,,,,,,,,,,,,,,4492,,,,,,,,,,,,,,,,,,,,,,,,,,,,,,,,,,,,
20200601,KPK,10485,,,,,,,,,,,,,,11147,,,,,,,,,,,,,,,,,,,,,,,,,,,,,,,,,,,,
20200602,KPK,10897,,,,,,,,,,,,,,1768,,,,,,,,,,,,,,,,,,,,,,,,,,,,,,,,,,,,
20200603,KPK,11373,,,,,,,,,,,,,,4453,,,,,,,,,,,,,,,,,,,,,,,,,,,,,,,,,,,,
20200604,KPK,11890,,,,,,,,,,,,,,597,,,,,,,,,,,,,,,,,,,,,,,,,,,,,,,,,,,,
20200605,KPK,12459,,,,,,,,,,,,,,593,,,,,,,,,,,,,,,,,,,,,,,,,,,,,,,,,,,,
20200606,KPK,13001,,,,,,,,,,,,,,9480,,,,,,,,,,,,,,,,,,,,,,,,,,,,,,,,,,,,
20200607,KPK,13487,,,,,,,,,,,,,,4669,,,,,,,,,,,,,,,,,,,,,,,,,,,,,,,,,,,,
20200608,KPK,14006,,,,,,,,,,,,,,5,,,,,,,,,,,,,,,,,,,,,,,,,,,,,,,,,,,,
20200609,KPK,14527,,,,,,,,,,,,,,40,,,,,,,,,,,,,,,,,,,,,,,,,,,,,,,,,,,,
20200610,KPK,15206,,,,,,,,,,,,,,973,,,,,,,,,,,,,,,,,,,,,,,,,,,,,,,,,,,,
20200611,KPK,15787,,,,,,,,,,,,,,265,,,,,,,,,,,,,,,,,,,,,,,,,,,,,,,,,,,,
20200612,KPK,16415,,,,,,,,,,,,,,7937,,,,,,,,,,,,,,,,,,,,,,,,,,,,,,,,,,,,
20200613,KPK,17450,,,,,,,,,,,,,,3128,,,,,,,,,,,,,,,,,,,,,,,,,,,,,,,,,,,,
20200614,KPK,18013,,,,,,,,,,,,,,402,,,,,,,,,,,,,,,,,,,,,,,,,,,,,,,,,,,,
20200615,KPK,18472,,,,,,,,,,,,,,810,,,,,,,,,,,,,,,,,,,,,,,,,,,,,,,,,,,,
20200616,KPK,19107,,,,,,,,,,,,,,4430,,,,,,,,,,,,,,,,,,,,,,,,,,,,,,,,,,,,
20200617,KPK,19613,,,,,,,,,,,,,,8818,,,,,,,,,,,,,,,,,,,,,,,,,,,,,,,,,,,,
20200618,KPK,20182,,,,,,,,,,,,,,3636,,,,,,,,,,,,,,,,,,,,,,,,,,,,,,,,,,,,
20200619,KPK,20790,,,,,,,,,,,,,,127,,,,,,,,,,,,,,,,,,,,,,,,,,,,,,,,,,,,
20200620,KPK,21444,,,,,,,,,,,,,,6586,,,,,,,,,,,,,,,,,,,,,,,,,,,,,,,,,,,,
20200621,KPK,21997,,,,,,,,,,,,,,1745,,,,,,,,,,,,,,,,,,,,,,,,,,,,,,,,,,,,
20200622,KPK,22633,,,,,,,,,,,,,,1346,,,,,,,,,,,,,,,,,,,,,,,,,,,,,,,,,,,,
20200623,KPK,23388,,,,,,,,,,,,,,2,,,,,,,,,,,,,,,,,,,,,,,,,,,,,,,,,,,,
20200624,KPK,23887,,,,,,,,,,,,,,2080,,,,,,,,,,,,,,,,,,,,,,,,,,,,,,,,,,,,
20200625,KPK,24303,,,,,,,,,,,,,,82,,,,,,,,,,,,,,,,,,,,,,,,,,,,,,,,,,,,
20200626,KPK,24943,,,,,,,,,,,,,,2343,,,,,,,,,,,,,,,,,,,,,,,,,,,,,,,,,,,,
20200627,KPK,25380,,,,,,,,,,,,,,105,,,,,,,,,,,,,,,,,,,,,,,,,,,,,,,,,,,,
20200628,KPK,25778,,,,,,,,,,,,,,361,,,,,,,,,,,,,,,,,,,,,,,,,,,,,,,,,,,,
20200629,KPK,26115,,,,,,,,,,,,,,423,,,,,,,,,,,,,,,,,,,,,,,,,,,,,,,,,,,,
20200630,KPK,26598,,,,,,,,,,,,,,15900,,,,,,,,,,,,,,,,,,,,,,,,,,,,,,,,,,,,
20200701,KPK,26938,,,,,,,,,,,,,,703,,,,,,,,,,,,,,,,,,,,,,,,,,,,,,,,,,,,
20200702,KPK,27170,,,,,,,,,,,,,,1069,,,,,,,,,,,,,,,,,,,,,,,,,,,,,,,,,,,,
20200703,KPK,27506,,,,,,,,,,,,,,25244,,,,,,,,,,,,,,,,,,,,,,,,,,,,,,,,,,,,
20200704,KPK,27843,,,,,,,,,,,,,,3824,,,,,,,,,,,,,,,,,,,,,,,,,,,,,,,,,,,,
20200705,KPK,28116,,,,,,,,,,,,,,657,,,,,,,,,,,,,,,,,,,,,,,,,,,,,,,,,,,,
20200706,KPK,28236,,,,,,,,,,,,,,386,,,,,,,,,,,,,,,,,,,,,,,,,,,,,,,,,,,,
20200707,KPK,28681,,,,,,,,,,,,,,7465,,,,,,,,,,,,,,,,,,,,,,,,,,,,,,,,,,,,
20200708,KPK,29052,,,,,,,,,,,,,,329,,,,,,,,,,,,,,,,,,,,,,,,,,,,,,,,,,,,
20200709,KPK,29406,,,,,,,,,,,,,,1022,,,,,,,,,,,,,,,,,,,,,,,,,,,,,,,,,,,,
20200710,KPK,29775,,,,,,,,,,,,,,2260,,,,,,,,,,,,,,,,,,,,,,,,,,,,,,,,,,,,
20200711,KPK,30078,,,,,,,,,,,,,,152,,,,,,,,,,,,,,,,,,,,,,,,,,,,,,,,,,,,
20200712,KPK,30486,,,,,,,,,,,,,,1345,,,,,,,,,,,,,,,,,,,,,,,,,,,,,,,,,,,,
20200713,KPK,30747,,,,,,,,,,,,,,9840,,,,,,,,,,,,,,,,,,,,,,,,,,,,,,,,,,,,
20200714,KPK,31001,,,,,,,,,,,,,,363,,,,,,,,,,,,,,,,,,,,,,,,,,,,,,,,,,,,
20200715,KPK,31217,,,,,,,,,,,,,,2381,,,,,,,,,,,,,,,,,,,,,,,,,,,,,,,,,,,,
20200716,KPK,31486,,,,,,,,,,,,,,9,,,,,,,,,,,,,,,,,,,,,,,,,,,,,,,,,,,,
20200717,KPK,31669,,,,,,,,,,,,,,58,,,,,,,,,,,,,,,,,,,,,,,,,,,,,,,,,,,,
20200718,KPK,31890,,,,,,,,,,,,,,1755,,,,,,,,,,,,,,,,,,,,,,,,,,,,,,,,,,,,
20200719,KPK,32086,,,,,,,,,,,,,,1045,,,,,,,,,,,,,,,,,,,,,,,,,,,,,,,,,,,,
20200720,KPK,32243,,,,,,,,,,,,,,160,,,,,,,,,,,,,,,,,,,,,,,,,,,,,,,,,,,,
20200721,KPK,32523,,,,,,,,,,,,,,30,,,,,,,,,,,,,,,,,,,,,,,,,,,,,,,,,,,,
20200722,KPK,32753,,,,,,,,,,,,,,27,,,,,,,,,,,,,,,,,,,,,,,,,,,,,,,,,,,,
20200723,KPK,32898,,,,,,,,,,,,,,1893,,,,,,,,,,,,,,,,,,,,,,,,,,,,,,,,,,,,
20200724,KPK,33071,,,,,,,,,,,,,,587,,,,,,,,,,,,,,,,,,,,,,,,,,,,,,,,,,,,
20200725,KPK,33220,,,,,,,,,,,,,,0,,,,,,,,,,,,,,,,,,,,,,,,,,,,,,,,,,,,
20200726,KPK,33397,,,,,,,,,,,,,,4423,,,,,,,,,,,,,,,,,,,,,,,,,,,,,,,,,,,,
20200727,KPK,33510,,,,,,,,,,,,,,10996,,,,,,,,,,,,,,,,,,,,,,,,,,,,,,,,,,,,
20200728,KPK,33724,,,,,,,,,,,,,,1763,,,,,,,,,,,,,,,,,,,,,,,,,,,,,,,,,,,,
20200729,KPK,33845,,,,,,,,,,,,,,4453,,,,,,,,,,,,,,,,,,,,,,,,,,,,,,,,,,,,
20200730,KPK,33958,,,,,,,,,,,,,,594,,,,,,,,,,,,,,,,,,,,,,,,,,,,,,,,,,,,
20200731,KPK,34056,,,,,,,,,,,,,,593,,,,,,,,,,,,,,,,,,,,,,,,,,,,,,,,,,,,
20200801,KPK,34160,,,,,,,,,,,,,,9276,,,,,,,,,,,,,,,,,,,,,,,,,,,,,,,,,,,,
20200802,KPK,34223,,,,,,,,,,,,,,4573,,,,,,,,,,,,,,,,,,,,,,,,,,,,,,,,,,,,
20200803,KPK,34253,,,,,,,,,,,,,,5,,,,,,,,,,,,,,,,,,,,,,,,,,,,,,,,,,,,
20200804,KPK,34324,,,,,,,,,,,,,,40,,,,,,,,,,,,,,,,,,,,,,,,,,,,,,,,,,,,
20200805,KPK,34359,,,,,,,,,,,,,,966,,,,,,,,,,,,,,,,,,,,,,,,,,,,,,,,,,,,
20200806,KPK,34432,,,,,,,,,,,,,,251,,,,,,,,,,,,,,,,,,,,,,,,,,,,,,,,,,,,
20200807,KPK,34539,,,,,,,,,,,,,,7932,,,,,,,,,,,,,,,,,,,,,,,,,,,,,,,,,,,,
20200808,KPK,34635,,,,,,,,,,,,,,3113,,,,,,,,,,,,,,,,,,,,,,,,,,,,,,,,,,,,
20200809,KPK,34692,,,,,,,,,,,,,,402,,,,,,,,,,,,,,,,,,,,,,,,,,,,,,,,,,,,
20200810,KPK,34755,,,,,,,,,,,,,,804,,,,,,,,,,,,,,,,,,,,,,,,,,,,,,,,,,,,
20200811,KPK,34859,,,,,,,,,,,,,,4430,,,,,,,,,,,,,,,,,,,,,,,,,,,,,,,,,,,,
20200812,KPK,34947,,,,,,,,,,,,,,8804,,,,,,,,,,,,,,,,,,,,,,,,,,,,,,,,,,,,
20200813,KPK,35021,,,,,,,,,,,,,,3631,,,,,,,,,,,,,,,,,,,,,,,,,,,,,,,,,,,,
20200814,KPK,35091,,,,,,,,,,,,,,126,,,,,,,,,,,,,,,,,,,,,,,,,,,,,,,,,,,,
20200815,KPK,35153,,,,,,,,,,,,,,6566,,,,,,,,,,,,,,,,,,,,,,,,,,,,,,,,,,,,
20200816,KPK,35215,,,,,,,,,,,,,,1739,,,,,,,,,,,,,,,,,,,,,,,,,,,,,,,,,,,,
20200817,KPK,35337,,,,,,,,,,,,,,1335,,,,,,,,,,,,,,,,,,,,,,,,,,,,,,,,,,,,
20200818,KPK,35401,,,,,,,,,,,,,,2,,,,,,,,,,,,,,,,,,,,,,,,,,,,,,,,,,,,
20200819,KPK,35468,,,,,,,,,,,,,,2043,,,,,,,,,,,,,,,,,,,,,,,,,,,,,,,,,,,,
20200820,KPK,35545,,,,,,,,,,,,,,81,,,,,,,,,,,,,,,,,,,,,,,,,,,,,,,,,,,,
20200821,KPK,35602,,,,,,,,,,,,,,2313,,,,,,,,,,,,,,,,,,,,,,,,,,,,,,,,,,,,
20200822,KPK,35720,,,,,,,,,,,,,,105,,,,,,,,,,,,,,,,,,,,,,,,,,,,,,,,,,,,
20200823,KPK,35766,,,,,,,,,,,,,,360,,,,,,,,,,,,,,,,,,,,,,,,,,,,,,,,,,,,
20200420,Balochistan,465,,,,,,,,,,,,,,2287,,,,,,,,,,,,,,,,,,,,,,,,,,,,,,,,,,,,
20200421,Balochistan,495,,,,,,,,,,,,,,105,,,,,,,,,,,,,,,,,,,,,,,,,,,,,,,,,,,,
20200422,Balochistan,552,,,,,,,,,,,,,,356,,,,,,,,,,,,,,,,,,,,,,,,,,,,,,,,,,,,
20200423,Balochistan,607,,,,,,,,,,,,,,422,,,,,,,,,,,,,,,,,,,,,,,,,,,,,,,,,,,,
20200424,Balochistan,656,,,,,,,,,,,,,,15883,,,,,,,,,,,,,,,,,,,,,,,,,,,,,,,,,,,,
20200425,Balochistan,722,,,,,,,,,,,,,,695,,,,,,,,,,,,,,,,,,,,,,,,,,,,,,,,,,,,
20200426,Balochistan,781,,,,,,,,,,,,,,1030,,,,,,,,,,,,,,,,,,,,,,,,,,,,,,,,,,,,
20200427,Balochistan,853,,,,,,,,,,,,,,25228,,,,,,,,,,,,,,,,,,,,,,,,,,,,,,,,,,,,
20200428,Balochistan,915,,,,,,,,,,,,,,3755,,,,,,,,,,,,,,,,,,,,,,,,,,,,,,,,,,,,
20200429,Balochistan,978,,,,,,,,,,,,,,638,,,,,,,,,,,,,,,,,,,,,,,,,,,,,,,,,,,,
20200430,Balochistan,1049,,,,,,,,,,,,,,383,,,,,,,,,,,,,,,,,,,,,,,,,,,,,,,,,,,,
20200501,Balochistan,1136,,,,,,,,,,,,,,7409,,,,,,,,,,,,,,,,,,,,,,,,,,,,,,,,,,,,
20200502,Balochistan,1172,,,,,,,,,,,,,,306,,,,,,,,,,,,,,,,,,,,,,,,,,,,,,,,,,,,
20200503,Balochistan,1218,,,,,,,,,,,,,,1019,,,,,,,,,,,,,,,,,,,,,,,,,,,,,,,,,,,,
20200504,Balochistan,1321,,,,,,,,,,,,,,2186,,,,,,,,,,,,,,,,,,,,,,,,,,,,,,,,,,,,
20200505,Balochistan,1495,,,,,,,,,,,,,,148,,,,,,,,,,,,,,,,,,,,,,,,,,,,,,,,,,,,
20200506,Balochistan,1659,,,,,,,,,,,,,,1313,,,,,,,,,,,,,,,,,,,,,,,,,,,,,,,,,,,,
20200507,Balochistan,1725,,,,,,,,,,,,,,9289,,,,,,,,,,,,,,,,,,,,,,,,,,,,,,,,,,,,
20200508,Balochistan,1876,,,,,,,,,,,,,,353,,,,,,,,,,,,,,,,,,,,,,,,,,,,,,,,,,,,
20200509,Balochistan,1935,,,,,,,,,,,,,,2363,,,,,,,,,,,,,,,,,,,,,,,,,,,,,,,,,,,,
20200510,Balochistan,2017,,,,,,,,,,,,,,9,,,,,,,,,,,,,,,,,,,,,,,,,,,,,,,,,,,,
20200511,Balochistan,2061,,,,,,,,,,,,,,58,,,,,,,,,,,,,,,,,,,,,,,,,,,,,,,,,,,,
20200512,Balochistan,2158,,,,,,,,,,,,,,1724,,,,,,,,,,,,,,,,,,,,,,,,,,,,,,,,,,,,
20200513,Balochistan,2239,,,,,,,,,,,,,,1025,,,,,,,,,,,,,,,,,,,,,,,,,,,,,,,,,,,,
20200514,Balochistan,2310,,,,,,,,,,,,,,153,,,,,,,,,,,,,,,,,,,,,,,,,,,,,,,,,,,,
20200515,Balochistan,2457,,,,,,,,,,,,,,30,,,,,,,,,,,,,,,,,,,,,,,,,,,,,,,,,,,,
20200516,Balochistan,2544,,,,,,,,,,,,,,27,,,,,,,,,,,,,,,,,,,,,,,,,,,,,,,,,,,,
20200517,Balochistan,2692,,,,,,,,,,,,,,1882,,,,,,,,,,,,,,,,,,,,,,,,,,,,,,,,,,,,
20200518,Balochistan,2820,,,,,,,,,,,,,,566,,,,,,,,,,,,,,,,,,,,,,,,,,,,,,,,,,,,
20200519,Balochistan,2885,,,,,,,,,,,,,,0,,,,,,,,,,,,,,,,,,,,,,,,,,,,,,,,,,,,
20200520,Balochistan,2968,,,,,,,,,,,,,,4347,,,,,,,,,,,,,,,,,,,,,,,,,,,,,,,,,,,,
20200521,Balochistan,3074,,,,,,,,,,,,,,10648,,,,,,,,,,,,,,,,,,,,,,,,,,,,,,,,,,,,
20200522,Balochistan,3198,,,,,,,,,,,,,,1751,,,,,,,,,,,,,,,,,,,,,,,,,,,,,,,,,,,,
20200523,Balochistan,3306,,,,,,,,,,,,,,4450,,,,,,,,,,,,,,,,,,,,,,,,,,,,,,,,,,,,
20200524,Balochistan,3407,,,,,,,,,,,,,,593,,,,,,,,,,,,,,,,,,,,,,,,,,,,,,,,,,,,
20200525,Balochistan,3468,,,,,,,,,,,,,,591,,,,,,,,,,,,,,,,,,,,,,,,,,,,,,,,,,,,
20200526,Balochistan,3536,,,,,,,,,,,,,,8898,,,,,,,,,,,,,,,,,,,,,,,,,,,,,,,,,,,,
20200527,Balochistan,3781,,,,,,,,,,,,,,4456,,,,,,,,,,,,,,,,,,,,,,,,,,,,,,,,,,,,
20200528,Balochistan,3928,,,,,,,,,,,,,,5,,,,,,,,,,,,,,,,,,,,,,,,,,,,,,,,,,,,
20200529,Balochistan,4087,,,,,,,,,,,,,,38,,,,,,,,,,,,,,,,,,,,,,,,,,,,,,,,,,,,
20200530,Balochistan,4193,,,,,,,,,,,,,,951,,,,,,,,,,,,,,,,,,,,,,,,,,,,,,,,,,,,
20200531,Balochistan,4393,,,,,,,,,,,,,,246,,,,,,,,,,,,,,,,,,,,,,,,,,,,,,,,,,,,
20200601,Balochistan,4448,,,,,,,,,,,,,,7881,,,,,,,,,,,,,,,,,,,,,,,,,,,,,,,,,,,,
20200602,Balochistan,4853,,,,,,,,,,,,,,3086,,,,,,,,,,,,,,,,,,,,,,,,,,,,,,,,,,,,
20200603,Balochistan,5354,,,,,,,,,,,,,,395,,,,,,,,,,,,,,,,,,,,,,,,,,,,,,,,,,,,
20200604,Balochistan,5582,,,,,,,,,,,,,,790,,,,,,,,,,,,,,,,,,,,,,,,,,,,,,,,,,,,
20200605,Balochistan,5776,,,,,,,,,,,,,,4361,,,,,,,,,,,,,,,,,,,,,,,,,,,,,,,,,,,,
20200606,Balochistan,6221,,,,,,,,,,,,,,8769,,,,,,,,,,,,,,,,,,,,,,,,,,,,,,,,,,,,
20200607,Balochistan,6516,,,,,,,,,,,,,,3612,,,,,,,,,,,,,,,,,,,,,,,,,,,,,,,,,,,,
20200608,Balochistan,6788,,,,,,,,,,,,,,126,,,,,,,,,,,,,,,,,,,,,,,,,,,,,,,,,,,,
20200609,Balochistan,7031,,,,,,,,,,,,,,6539,,,,,,,,,,,,,,,,,,,,,,,,,,,,,,,,,,,,
20200610,Balochistan,7335,,,,,,,,,,,,,,1724,,,,,,,,,,,,,,,,,,,,,,,,,,,,,,,,,,,,
20200611,Balochistan,7673,,,,,,,,,,,,,,1323,,,,,,,,,,,,,,,,,,,,,,,,,,,,,,,,,,,,
20200612,Balochistan,7866,,,,,,,,,,,,,,2,,,,,,,,,,,,,,,,,,,,,,,,,,,,,,,,,,,,
20200613,Balochistan,8028,,,,,,,,,,,,,,1989,,,,,,,,,,,,,,,,,,,,,,,,,,,,,,,,,,,,
20200614,Balochistan,8177,,,,,,,,,,,,,,80,,,,,,,,,,,,,,,,,,,,,,,,,,,,,,,,,,,,
20200615,Balochistan,8327,,,,,,,,,,,,,,2249,,,,,,,,,,,,,,,,,,,,,,,,,,,,,,,,,,,,
20200616,Balochistan,8437,,,,,,,,,,,,,,104,,,,,,,,,,,,,,,,,,,,,,,,,,,,,,,,,,,,
20200617,Balochistan,8794,,,,,,,,,,,,,,351,,,,,,,,,,,,,,,,,,,,,,,,,,,,,,,,,,,,
20200618,Balochistan,8998,,,,,,,,,,,,,,420,,,,,,,,,,,,,,,,,,,,,,,,,,,,,,,,,,,,
20200619,Balochistan,9162,,,,,,,,,,,,,,15875,,,,,,,,,,,,,,,,,,,,,,,,,,,,,,,,,,,,
20200620,Balochistan,9328,,,,,,,,,,,,,,693,,,,,,,,,,,,,,,,,,,,,,,,,,,,,,,,,,,,
20200621,Balochistan,9475,,,,,,,,,,,,,,996,,,,,,,,,,,,,,,,,,,,,,,,,,,,,,,,,,,,
20200622,Balochistan,9587,,,,,,,,,,,,,,25218,,,,,,,,,,,,,,,,,,,,,,,,,,,,,,,,,,,,
20200623,Balochistan,9634,,,,,,,,,,,,,,3734,,,,,,,,,,,,,,,,,,,,,,,,,,,,,,,,,,,,
20200624,Balochistan,9817,,,,,,,,,,,,,,627,,,,,,,,,,,,,,,,,,,,,,,,,,,,,,,,,,,,
20200625,Balochistan,9946,,,,,,,,,,,,,,375,,,,,,,,,,,,,,,,,,,,,,,,,,,,,,,,,,,,
20200626,Balochistan,10116,,,,,,,,,,,,,,7385,,,,,,,,,,,,,,,,,,,,,,,,,,,,,,,,,,,,
20200627,Balochistan,10261,,,,,,,,,,,,,,295,,,,,,,,,,,,,,,,,,,,,,,,,,,,,,,,,,,,
20200628,Balochistan,10355,,,,,,,,,,,,,,1018,,,,,,,,,,,,,,,,,,,,,,,,,,,,,,,,,,,,
20200629,Balochistan,10426,,,,,,,,,,,,,,2144,,,,,,,,,,,,,,,,,,,,,,,,,,,,,,,,,,,,
20200630,Balochistan,10476,,,,,,,,,,,,,,147,,,,,,,,,,,,,,,,,,,,,,,,,,,,,,,,,,,,
20200701,Balochistan,10608,,,,,,,,,,,,,,1289,,,,,,,,,,,,,,,,,,,,,,,,,,,,,,,,,,,,
20200702,Balochistan,10666,,,,,,,,,,,,,,9034,,,,,,,,,,,,,,,,,,,,,,,,,,,,,,,,,,,,
20200703,Balochistan,10717,,,,,,,,,,,,,,351,,,,,,,,,,,,,,,,,,,,,,,,,,,,,,,,,,,,
20200704,Balochistan,10766,,,,,,,,,,,,,,2352,,,,,,,,,,,,,,,,,,,,,,,,,,,,,,,,,,,,
20200705,Balochistan,10814,,,,,,,,,,,,,,9,,,,,,,,,,,,,,,,,,,,,,,,,,,,,,,,,,,,
20200706,Balochistan,10841,,,,,,,,,,,,,,58,,,,,,,,,,,,,,,,,,,,,,,,,,,,,,,,,,,,
20200707,Balochistan,10919,,,,,,,,,,,,,,1716,,,,,,,,,,,,,,,,,,,,,,,,,,,,,,,,,,,,
20200708,Balochistan,11052,,,,,,,,,,,,,,1018,,,,,,,,,,,,,,,,,,,,,,,,,,,,,,,,,,,,
20200709,Balochistan,11099,,,,,,,,,,,,,,153,,,,,,,,,,,,,,,,,,,,,,,,,,,,,,,,,,,,
20200710,Balochistan,11128,,,,,,,,,,,,,,29,,,,,,,,,,,,,,,,,,,,,,,,,,,,,,,,,,,,
20200711,Balochistan,11257,,,,,,,,,,,,,,26,,,,,,,,,,,,,,,,,,,,,,,,,,,,,,,,,,,,
20200712,Balochistan,11185,,,,,,,,,,,,,,1847,,,,,,,,,,,,,,,,,,,,,,,,,,,,,,,,,,,,
20200713,Balochistan,11192,,,,,,,,,,,,,,566,,,,,,,,,,,,,,,,,,,,,,,,,,,,,,,,,,,,
20200714,Balochistan,11239,,,,,,,,,,,,,,0,,,,,,,,,,,,,,,,,,,,,,,,,,,,,,,,,,,,
20200715,Balochistan,11322,,,,,,,,,,,,,,4199,,,,,,,,,,,,,,,,,,,,,,,,,,,,,,,,,,,,
20200716,Balochistan,11385,,,,,,,,,,,,,,10468,,,,,,,,,,,,,,,,,,,,,,,,,,,,,,,,,,,,
20200717,Balochistan,11405,,,,,,,,,,,,,,1746,,,,,,,,,,,,,,,,,,,,,,,,,,,,,,,,,,,,
20200718,Balochistan,11424,,,,,,,,,,,,,,4444,,,,,,,,,,,,,,,,,,,,,,,,,,,,,,,,,,,,
20200719,Balochistan,11436,,,,,,,,,,,,,,593,,,,,,,,,,,,,,,,,,,,,,,,,,,,,,,,,,,,
20200720,Balochistan,11441,,,,,,,,,,,,,,591,,,,,,,,,,,,,,,,,,,,,,,,,,,,,,,,,,,,
20200721,Balochistan,11469,,,,,,,,,,,,,,8685,,,,,,,,,,,,,,,,,,,,,,,,,,,,,,,,,,,,
20200722,Balochistan,11517,,,,,,,,,,,,,,4351,,,,,,,,,,,,,,,,,,,,,,,,,,,,,,,,,,,,
20200723,Balochistan,11523,,,,,,,,,,,,,,5,,,,,,,,,,,,,,,,,,,,,,,,,,,,,,,,,,,,
20200724,Balochistan,11550,,,,,,,,,,,,,,34,,,,,,,,,,,,,,,,,,,,,,,,,,,,,,,,,,,,
20200725,Balochistan,11578,,,,,,,,,,,,,,940,,,,,,,,,,,,,,,,,,,,,,,,,,,,,,,,,,,,
20200726,Balochistan,11601,,,,,,,,,,,,,,239,,,,,,,,,,,,,,,,,,,,,,,,,,,,,,,,,,,,
20200727,Balochistan,11624,,,,,,,,,,,,,,7866,,,,,,,,,,,,,,,,,,,,,,,,,,,,,,,,,,,,
20200728,Balochistan,11654,,,,,,,,,,,,,,3069,,,,,,,,,,,,,,,,,,,,,,,,,,,,,,,,,,,,
20200729,Balochistan,11708,,,,,,,,,,,,,,387,,,,,,,,,,,,,,,,,,,,,,,,,,,,,,,,,,,,
20200730,Balochistan,11732,,,,,,,,,,,,,,783,,,,,,,,,,,,,,,,,,,,,,,,,,,,,,,,,,,,
20200731,Balochistan,11743,,,,,,,,,,,,,,4313,,,,,,,,,,,,,,,,,,,,,,,,,,,,,,,,,,,,
20200801,Balochistan,11762,,,,,,,,,,,,,,8751,,,,,,,,,,,,,,,,,,,,,,,,,,,,,,,,,,,,
20200802,Balochistan,11774,,,,,,,,,,,,,,3604,,,,,,,,,,,,,,,,,,,,,,,,,,,,,,,,,,,,
20200803,Balochistan,11777,,,,,,,,,,,,,,126,,,,,,,,,,,,,,,,,,,,,,,,,,,,,,,,,,,,
20200804,Balochistan,11780,,,,,,,,,,,,,,6533,,,,,,,,,,,,,,,,,,,,,,,,,,,,,,,,,,,,
20200805,Balochistan,11793,,,,,,,,,,,,,,1707,,,,,,,,,,,,,,,,,,,,,,,,,,,,,,,,,,,,
20200806,Balochistan,11821,,,,,,,,,,,,,,1312,,,,,,,,,,,,,,,,,,,,,,,,,,,,,,,,,,,,
20200807,Balochistan,11835,,,,,,,,,,,,,,2,,,,,,,,,,,,,,,,,,,,,,,,,,,,,,,,,,,,
20200808,Balochistan,11884,,,,,,,,,,,,,,1944,,,,,,,,,,,,,,,,,,,,,,,,,,,,,,,,,,,,
20200809,Balochistan,11906,,,,,,,,,,,,,,77,,,,,,,,,,,,,,,,,,,,,,,,,,,,,,,,,,,,
20200810,Balochistan,11921,,,,,,,,,,,,,,2204,,,,,,,,,,,,,,,,,,,,,,,,,,,,,,,,,,,,
20200811,Balochistan,11956,,,,,,,,,,,,,,102,,,,,,,,,,,,,,,,,,,,,,,,,,,,,,,,,,,,
20200812,Balochistan,12044,,,,,,,,,,,,,,348,,,,,,,,,,,,,,,,,,,,,,,,,,,,,,,,,,,,
20200813,Balochistan,12062,,,,,,,,,,,,,,419,,,,,,,,,,,,,,,,,,,,,,,,,,,,,,,,,,,,
20200814,Balochistan,12144,,,,,,,,,,,,,,15866,,,,,,,,,,,,,,,,,,,,,,,,,,,,,,,,,,,,
20200815,Balochistan,12234,,,,,,,,,,,,,,690,,,,,,,,,,,,,,,,,,,,,,,,,,,,,,,,,,,,
20200816,Balochistan,12295,,,,,,,,,,,,,,981,,,,,,,,,,,,,,,,,,,,,,,,,,,,,,,,,,,,
20200817,Balochistan,12321,,,,,,,,,,,,,,25211,,,,,,,,,,,,,,,,,,,,,,,,,,,,,,,,,,,,
20200818,Balochistan,12370,,,,,,,,,,,,,,3708,,,,,,,,,,,,,,,,,,,,,,,,,,,,,,,,,,,,
20200819,Balochistan,12403,,,,,,,,,,,,,,618,,,,,,,,,,,,,,,,,,,,,,,,,,,,,,,,,,,,
20200820,Balochistan,12424,,,,,,,,,,,,,,368,,,,,,,,,,,,,,,,,,,,,,,,,,,,,,,,,,,,
20200821,Balochistan,12473,,,,,,,,,,,,,,7352,,,,,,,,,,,,,,,,,,,,,,,,,,,,,,,,,,,,
20200822,Balochistan,12507,,,,,,,,,,,,,,287,,,,,,,,,,,,,,,,,,,,,,,,,,,,,,,,,,,,
20200823,Balochistan,12527,,,,,,,,,,,,,,1016,,,,,,,,,,,,,,,,,,,,,,,,,,,,,,,,,,,,
20200226,GB,0,,,,,,,,,,,,,,2098,,,,,,,,,,,,,,,,,,,,,,,,,,,,,,,,,,,,
20200227,GB,0,,,,,,,,,,,,,,146,,,,,,,,,,,,,,,,,,,,,,,,,,,,,,,,,,,,
20200228,GB,0,,,,,,,,,,,,,,1271,,,,,,,,,,,,,,,,,,,,,,,,,,,,,,,,,,,,
20200301,GB,0,,,,,,,,,,,,,,8710,,,,,,,,,,,,,,,,,,,,,,,,,,,,,,,,,,,,
20200302,GB,0,,,,,,,,,,,,,,349,,,,,,,,,,,,,,,,,,,,,,,,,,,,,,,,,,,,
20200303,GB,0,,,,,,,,,,,,,,2344,,,,,,,,,,,,,,,,,,,,,,,,,,,,,,,,,,,,
20200304,GB,0,,,,,,,,,,,,,,9,,,,,,,,,,,,,,,,,,,,,,,,,,,,,,,,,,,,
20200305,GB,0,,,,,,,,,,,,,,58,,,,,,,,,,,,,,,,,,,,,,,,,,,,,,,,,,,,
20200306,GB,0,,,,,,,,,,,,,,1697,,,,,,,,,,,,,,,,,,,,,,,,,,,,,,,,,,,,
20200307,GB,0,,,,,,,,,,,,,,1013,,,,,,,,,,,,,,,,,,,,,,,,,,,,,,,,,,,,
20200308,GB,0,,,,,,,,,,,,,,147,,,,,,,,,,,,,,,,,,,,,,,,,,,,,,,,,,,,
20200309,GB,0,,,,,,,,,,,,,,29,,,,,,,,,,,,,,,,,,,,,,,,,,,,,,,,,,,,
20200310,GB,2,,,,,,,,,,,,,,26,,,,,,,,,,,,,,,,,,,,,,,,,,,,,,,,,,,,
20200311,GB,3,,,,,,,,,,,,,,1797,,,,,,,,,,,,,,,,,,,,,,,,,,,,,,,,,,,,
20200312,GB,3,,,,,,,,,,,,,,555,,,,,,,,,,,,,,,,,,,,,,,,,,,,,,,,,,,,
20200313,GB,3,,,,,,,,,,,,,,0,,,,,,,,,,,,,,,,,,,,,,,,,,,,,,,,,,,,
20200314,GB,3,,,,,,,,,,,,,,4154,,,,,,,,,,,,,,,,,,,,,,,,,,,,,,,,,,,,
20200315,GB,3,,,,,,,,,,,,,,10359,,,,,,,,,,,,,,,,,,,,,,,,,,,,,,,,,,,,
20200316,GB,3,,,,,,,,,,,,,,1736,,,,,,,,,,,,,,,,,,,,,,,,,,,,,,,,,,,,
20200317,GB,3,,,,,,,,,,,,,,4444,,,,,,,,,,,,,,,,,,,,,,,,,,,,,,,,,,,,
20200318,GB,13,,,,,,,,,,,,,,591,,,,,,,,,,,,,,,,,,,,,,,,,,,,,,,,,,,,
20200319,GB,21,,,,,,,,,,,,,,591,,,,,,,,,,,,,,,,,,,,,,,,,,,,,,,,,,,,
20200320,GB,30,,,,,,,,,,,,,,8408,,,,,,,,,,,,,,,,,,,,,,,,,,,,,,,,,,,,
20200321,GB,55,,,,,,,,,,,,,,4229,,,,,,,,,,,,,,,,,,,,,,,,,,,,,,,,,,,,
20200322,GB,71,,,,,,,,,,,,,,5,,,,,,,,,,,,,,,,,,,,,,,,,,,,,,,,,,,,
20200323,GB,80,,,,,,,,,,,,,,31,,,,,,,,,,,,,,,,,,,,,,,,,,,,,,,,,,,,
20200324,GB,81,,,,,,,,,,,,,,933,,,,,,,,,,,,,,,,,,,,,,,,,,,,,,,,,,,,
20200325,GB,84,,,,,,,,,,,,,,237,,,,,,,,,,,,,,,,,,,,,,,,,,,,,,,,,,,,
20200326,GB,91,,,,,,,,,,,,,,7846,,,,,,,,,,,,,,,,,,,,,,,,,,,,,,,,,,,,
20200327,GB,107,,,,,,,,,,,,,,3044,,,,,,,,,,,,,,,,,,,,,,,,,,,,,,,,,,,,
20200328,GB,116,,,,,,,,,,,,,,387,,,,,,,,,,,,,,,,,,,,,,,,,,,,,,,,,,,,
20200329,GB,128,,,,,,,,,,,,,,775,,,,,,,,,,,,,,,,,,,,,,,,,,,,,,,,,,,,
20200330,GB,148,,,,,,,,,,,,,,4287,,,,,,,,,,,,,,,,,,,,,,,,,,,,,,,,,,,,
20200331,GB,184,,,,,,,,,,,,,,8741,,,,,,,,,,,,,,,,,,,,,,,,,,,,,,,,,,,,
20200401,GB,187,,,,,,,,,,,,,,3591,,,,,,,,,,,,,,,,,,,,,,,,,,,,,,,,,,,,
20200402,GB,190,,,,,,,,,,,,,,125,,,,,,,,,,,,,,,,,,,,,,,,,,,,,,,,,,,,
20200403,GB,193,,,,,,,,,,,,,,6526,,,,,,,,,,,,,,,,,,,,,,,,,,,,,,,,,,,,
20200404,GB,206,,,,,,,,,,,,,,1701,,,,,,,,,,,,,,,,,,,,,,,,,,,,,,,,,,,,
20200405,GB,210,,,,,,,,,,,,,,1307,,,,,,,,,,,,,,,,,,,,,,,,,,,,,,,,,,,,
20200406,GB,211,,,,,,,,,,,,,,2,,,,,,,,,,,,,,,,,,,,,,,,,,,,,,,,,,,,
20200407,GB,212,,,,,,,,,,,,,,1912,,,,,,,,,,,,,,,,,,,,,,,,,,,,,,,,,,,,
20200408,GB,213,,,,,,,,,,,,,,75,,,,,,,,,,,,,,,,,,,,,,,,,,,,,,,,,,,,
20200409,GB,215,,,,,,,,,,,,,,2172,,,,,,,,,,,,,,,,,,,,,,,,,,,,,,,,,,,,
20200410,GB,215,,,,,,,,,,,,,,101,,,,,,,,,,,,,,,,,,,,,,,,,,,,,,,,,,,,
20200411,GB,216,,,,,,,,,,,,,,345,,,,,,,,,,,,,,,,,,,,,,,,,,,,,,,,,,,,
20200412,GB,224,,,,,,,,,,,,,,419,,,,,,,,,,,,,,,,,,,,,,,,,,,,,,,,,,,,
20200413,GB,233,,,,,,,,,,,,,,15854,,,,,,,,,,,,,,,,,,,,,,,,,,,,,,,,,,,,
20200414,GB,234,,,,,,,,,,,,,,685,,,,,,,,,,,,,,,,,,,,,,,,,,,,,,,,,,,,
20200415,GB,237,,,,,,,,,,,,,,963,,,,,,,,,,,,,,,,,,,,,,,,,,,,,,,,,,,,
20200416,GB,245,,,,,,,,,,,,,,25204,,,,,,,,,,,,,,,,,,,,,,,,,,,,,,,,,,,,
20200417,GB,250,,,,,,,,,,,,,,3673,,,,,,,,,,,,,,,,,,,,,,,,,,,,,,,,,,,,
20200418,GB,257,,,,,,,,,,,,,,605,,,,,,,,,,,,,,,,,,,,,,,,,,,,,,,,,,,,
20200419,GB,263,,,,,,,,,,,,,,357,,,,,,,,,,,,,,,,,,,,,,,,,,,,,,,,,,,,
20200420,GB,281,,,,,,,,,,,,,,7317,,,,,,,,,,,,,,,,,,,,,,,,,,,,,,,,,,,,
20200421,GB,283,,,,,,,,,,,,,,279,,,,,,,,,,,,,,,,,,,,,,,,,,,,,,,,,,,,
20200422,GB,290,,,,,,,,,,,,,,1015,,,,,,,,,,,,,,,,,,,,,,,,,,,,,,,,,,,,
20200423,GB,300,,,,,,,,,,,,,,2049,,,,,,,,,,,,,,,,,,,,,,,,,,,,,,,,,,,,
20200424,GB,307,,,,,,,,,,,,,,146,,,,,,,,,,,,,,,,,,,,,,,,,,,,,,,,,,,,
20200425,GB,308,,,,,,,,,,,,,,1233,,,,,,,,,,,,,,,,,,,,,,,,,,,,,,,,,,,,
20200426,GB,318,,,,,,,,,,,,,,8490,,,,,,,,,,,,,,,,,,,,,,,,,,,,,,,,,,,,
20200427,GB,320,,,,,,,,,,,,,,345,,,,,,,,,,,,,,,,,,,,,,,,,,,,,,,,,,,,
20200428,GB,330,,,,,,,,,,,,,,2327,,,,,,,,,,,,,,,,,,,,,,,,,,,,,,,,,,,,
20200429,GB,333,,,,,,,,,,,,,,9,,,,,,,,,,,,,,,,,,,,,,,,,,,,,,,,,,,,
20200430,GB,339,,,,,,,,,,,,,,58,,,,,,,,,,,,,,,,,,,,,,,,,,,,,,,,,,,,
20200501,GB,340,,,,,,,,,,,,,,1688,,,,,,,,,,,,,,,,,,,,,,,,,,,,,,,,,,,,
20200502,GB,356,,,,,,,,,,,,,,1005,,,,,,,,,,,,,,,,,,,,,,,,,,,,,,,,,,,,
20200503,GB,364,,,,,,,,,,,,,,141,,,,,,,,,,,,,,,,,,,,,,,,,,,,,,,,,,,,
20200504,GB,372,,,,,,,,,,,,,,28,,,,,,,,,,,,,,,,,,,,,,,,,,,,,,,,,,,,
20200505,GB,372,,,,,,,,,,,,,,26,,,,,,,,,,,,,,,,,,,,,,,,,,,,,,,,,,,,
20200506,GB,388,,,,,,,,,,,,,,1768,,,,,,,,,,,,,,,,,,,,,,,,,,,,,,,,,,,,
20200507,GB,394,,,,,,,,,,,,,,544,,,,,,,,,,,,,,,,,,,,,,,,,,,,,,,,,,,,
20200508,GB,421,,,,,,,,,,,,,,0,,,,,,,,,,,,,,,,,,,,,,,,,,,,,,,,,,,,
20200509,GB,430,,,,,,,,,,,,,,4150,,,,,,,,,,,,,,,,,,,,,,,,,,,,,,,,,,,,
20200510,GB,442,,,,,,,,,,,,,,10293,,,,,,,,,,,,,,,,,,,,,,,,,,,,,,,,,,,,
20200511,GB,457,,,,,,,,,,,,,,1736,,,,,,,,,,,,,,,,,,,,,,,,,,,,,,,,,,,,
20200512,GB,475,,,,,,,,,,,,,,4441,,,,,,,,,,,,,,,,,,,,,,,,,,,,,,,,,,,,
20200513,GB,482,,,,,,,,,,,,,,591,,,,,,,,,,,,,,,,,,,,,,,,,,,,,,,,,,,,
20200514,GB,501,,,,,,,,,,,,,,591,,,,,,,,,,,,,,,,,,,,,,,,,,,,,,,,,,,,
20200515,GB,518,,,,,,,,,,,,,,8315,,,,,,,,,,,,,,,,,,,,,,,,,,,,,,,,,,,,
20200516,GB,527,,,,,,,,,,,,,,4199,,,,,,,,,,,,,,,,,,,,,,,,,,,,,,,,,,,,
20200517,GB,540,,,,,,,,,,,,,,5,,,,,,,,,,,,,,,,,,,,,,,,,,,,,,,,,,,,
20200518,GB,550,,,,,,,,,,,,,,31,,,,,,,,,,,,,,,,,,,,,,,,,,,,,,,,,,,,
20200519,GB,556,,,,,,,,,,,,,,930,,,,,,,,,,,,,,,,,,,,,,,,,,,,,,,,,,,,
20200520,GB,579,,,,,,,,,,,,,,235,,,,,,,,,,,,,,,,,,,,,,,,,,,,,,,,,,,,
20200521,GB,602,,,,,,,,,,,,,,7845,,,,,,,,,,,,,,,,,,,,,,,,,,,,,,,,,,,,
20200522,GB,607,,,,,,,,,,,,,,3041,,,,,,,,,,,,,,,,,,,,,,,,,,,,,,,,,,,,
20200523,GB,619,,,,,,,,,,,,,,380,,,,,,,,,,,,,,,,,,,,,,,,,,,,,,,,,,,,
20200524,GB,619,,,,,,,,,,,,,,773,,,,,,,,,,,,,,,,,,,,,,,,,,,,,,,,,,,,
20200525,GB,630,,,,,,,,,,,,,,4263,,,,,,,,,,,,,,,,,,,,,,,,,,,,,,,,,,,,
20200526,GB,638,,,,,,,,,,,,,,8735,,,,,,,,,,,,,,,,,,,,,,,,,,,,,,,,,,,,
20200527,GB,651,,,,,,,,,,,,,,3585,,,,,,,,,,,,,,,,,,,,,,,,,,,,,,,,,,,,
20200528,GB,658,,,,,,,,,,,,,,125,,,,,,,,,,,,,,,,,,,,,,,,,,,,,,,,,,,,
20200529,GB,660,,,,,,,,,,,,,,6519,,,,,,,,,,,,,,,,,,,,,,,,,,,,,,,,,,,,
20200530,GB,678,,,,,,,,,,,,,,1698,,,,,,,,,,,,,,,,,,,,,,,,,,,,,,,,,,,,
20200531,GB,711,,,,,,,,,,,,,,1301,,,,,,,,,,,,,,,,,,,,,,,,,,,,,,,,,,,,
20200601,GB,738,,,,,,,,,,,,,,2,,,,,,,,,,,,,,,,,,,,,,,,,,,,,,,,,,,,
20200602,GB,779,,,,,,,,,,,,,,1896,,,,,,,,,,,,,,,,,,,,,,,,,,,,,,,,,,,,
20200603,GB,824,,,,,,,,,,,,,,75,,,,,,,,,,,,,,,,,,,,,,,,,,,,,,,,,,,,
20200604,GB,852,,,,,,,,,,,,,,2168,,,,,,,,,,,,,,,,,,,,,,,,,,,,,,,,,,,,
20200605,GB,897,,,,,,,,,,,,,,98,,,,,,,,,,,,,,,,,,,,,,,,,,,,,,,,,,,,
20200606,GB,927,,,,,,,,,,,,,,345,,,,,,,,,,,,,,,,,,,,,,,,,,,,,,,,,,,,
20200607,GB,932,,,,,,,,,,,,,,419,,,,,,,,,,,,,,,,,,,,,,,,,,,,,,,,,,,,
20200608,GB,952,,,,,,,,,,,,,,15850,,,,,,,,,,,,,,,,,,,,,,,,,,,,,,,,,,,,
20200609,GB,974,,,,,,,,,,,,,,681,,,,,,,,,,,,,,,,,,,,,,,,,,,,,,,,,,,,
20200610,GB,1018,,,,,,,,,,,,,,957,,,,,,,,,,,,,,,,,,,,,,,,,,,,,,,,,,,,
20200611,GB,1030,,,,,,,,,,,,,,25202,,,,,,,,,,,,,,,,,,,,,,,,,,,,,,,,,,,,
20200612,GB,1044,,,,,,,,,,,,,,3669,,,,,,,,,,,,,,,,,,,,,,,,,,,,,,,,,,,,
20200613,GB,1095,,,,,,,,,,,,,,603,,,,,,,,,,,,,,,,,,,,,,,,,,,,,,,,,,,,
20200614,GB,1129,,,,,,,,,,,,,,356,,,,,,,,,,,,,,,,,,,,,,,,,,,,,,,,,,,,
20200615,GB,1143,,,,,,,,,,,,,,7314,,,,,,,,,,,,,,,,,,,,,,,,,,,,,,,,,,,,
20200616,GB,1164,,,,,,,,,,,,,,279,,,,,,,,,,,,,,,,,,,,,,,,,,,,,,,,,,,,
20200617,GB,1213,,,,,,,,,,,,,,1015,,,,,,,,,,,,,,,,,,,,,,,,,,,,,,,,,,,,
20200618,GB,1225,,,,,,,,,,,,,,2031,,,,,,,,,,,,,,,,,,,,,,,,,,,,,,,,,,,,
20200619,GB,1253,,,,,,,,,,,,,,146,,,,,,,,,,,,,,,,,,,,,,,,,,,,,,,,,,,,
20200620,GB,1278,,,,,,,,,,,,,,1223,,,,,,,,,,,,,,,,,,,,,,,,,,,,,,,,,,,,
20200621,GB,1288,,,,,,,,,,,,,,8459,,,,,,,,,,,,,,,,,,,,,,,,,,,,,,,,,,,,
20200622,GB,1326,,,,,,,,,,,,,,336,,,,,,,,,,,,,,,,,,,,,,,,,,,,,,,,,,,,
20200623,GB,1337,,,,,,,,,,,,,,2326,,,,,,,,,,,,,,,,,,,,,,,,,,,,,,,,,,,,
20200624,GB,1365,,,,,,,,,,,,,,9,,,,,,,,,,,,,,,,,,,,,,,,,,,,,,,,,,,,
20200625,GB,1398,,,,,,,,,,,,,,58,,,,,,,,,,,,,,,,,,,,,,,,,,,,,,,,,,,,
20200626,GB,1417,,,,,,,,,,,,,,1688,,,,,,,,,,,,,,,,,,,,,,,,,,,,,,,,,,,,
20200627,GB,1423,,,,,,,,,,,,,,1005,,,,,,,,,,,,,,,,,,,,,,,,,,,,,,,,,,,,
20200628,GB,1442,,,,,,,,,,,,,,139,,,,,,,,,,,,,,,,,,,,,,,,,,,,,,,,,,,,
20200629,GB,1470,,,,,,,,,,,,,,28,,,,,,,,,,,,,,,,,,,,,,,,,,,,,,,,,,,,
20200630,GB,1489,,,,,,,,,,,,,,26,,,,,,,,,,,,,,,,,,,,,,,,,,,,,,,,,,,,
20200701,GB,1511,,,,,,,,,,,,,,1735,,,,,,,,,,,,,,,,,,,,,,,,,,,,,,,,,,,,
20200702,GB,1524,,,,,,,,,,,,,,521,,,,,,,,,,,,,,,,,,,,,,,,,,,,,,,,,,,,
20200703,GB,1536,,,,,,,,,,,,,,0,,,,,,,,,,,,,,,,,,,,,,,,,,,,,,,,,,,,
20200704,GB,1545,,,,,,,,,,,,,,4137,,,,,,,,,,,,,,,,,,,,,,,,,,,,,,,,,,,,
20200705,GB,1561,,,,,,,,,,,,,,10189,,,,,,,,,,,,,,,,,,,,,,,,,,,,,,,,,,,,
20200706,GB,1587,,,,,,,,,,,,,,1736,,,,,,,,,,,,,,,,,,,,,,,,,,,,,,,,,,,,
20200707,GB,1595,,,,,,,,,,,,,,4441,,,,,,,,,,,,,,,,,,,,,,,,,,,,,,,,,,,,
20200708,GB,1605,,,,,,,,,,,,,,590,,,,,,,,,,,,,,,,,,,,,,,,,,,,,,,,,,,,
20200709,GB,1619,,,,,,,,,,,,,,590,,,,,,,,,,,,,,,,,,,,,,,,,,,,,,,,,,,,
20200710,GB,1630,,,,,,,,,,,,,,8238,,,,,,,,,,,,,,,,,,,,,,,,,,,,,,,,,,,,
20200711,GB,1658,,,,,,,,,,,,,,4186,,,,,,,,,,,,,,,,,,,,,,,,,,,,,,,,,,,,
20200712,GB,1671,,,,,,,,,,,,,,5,,,,,,,,,,,,,,,,,,,,,,,,,,,,,,,,,,,,
20200713,GB,1694,,,,,,,,,,,,,,31,,,,,,,,,,,,,,,,,,,,,,,,,,,,,,,,,,,,
20200714,GB,1708,,,,,,,,,,,,,,925,,,,,,,,,,,,,,,,,,,,,,,,,,,,,,,,,,,,
20200715,GB,1750,,,,,,,,,,,,,,229,,,,,,,,,,,,,,,,,,,,,,,,,,,,,,,,,,,,
20200716,GB,1775,,,,,,,,,,,,,,7840,,,,,,,,,,,,,,,,,,,,,,,,,,,,,,,,,,,,
20200717,GB,1796,,,,,,,,,,,,,,3036,,,,,,,,,,,,,,,,,,,,,,,,,,,,,,,,,,,,
20200718,GB,1807,,,,,,,,,,,,,,380,,,,,,,,,,,,,,,,,,,,,,,,,,,,,,,,,,,,
20200719,GB,1849,,,,,,,,,,,,,,772,,,,,,,,,,,,,,,,,,,,,,,,,,,,,,,,,,,,
20200720,GB,1868,,,,,,,,,,,,,,4207,,,,,,,,,,,,,,,,,,,,,,,,,,,,,,,,,,,,
20200721,GB,1878,,,,,,,,,,,,,,8721,,,,,,,,,,,,,,,,,,,,,,,,,,,,,,,,,,,,
20200722,GB,1896,,,,,,,,,,,,,,3577,,,,,,,,,,,,,,,,,,,,,,,,,,,,,,,,,,,,
20200723,GB,1918,,,,,,,,,,,,,,125,,,,,,,,,,,,,,,,,,,,,,,,,,,,,,,,,,,,
20200724,GB,1942,,,,,,,,,,,,,,6520,,,,,,,,,,,,,,,,,,,,,,,,,,,,,,,,,,,,
20200725,GB,1952,,,,,,,,,,,,,,1689,,,,,,,,,,,,,,,,,,,,,,,,,,,,,,,,,,,,
20200726,GB,1989,,,,,,,,,,,,,,1301,,,,,,,,,,,,,,,,,,,,,,,,,,,,,,,,,,,,
20200727,GB,2010,,,,,,,,,,,,,,2,,,,,,,,,,,,,,,,,,,,,,,,,,,,,,,,,,,,
20200728,GB,2042,,,,,,,,,,,,,,1874,,,,,,,,,,,,,,,,,,,,,,,,,,,,,,,,,,,,
20200729,GB,2090,,,,,,,,,,,,,,75,,,,,,,,,,,,,,,,,,,,,,,,,,,,,,,,,,,,
20200730,GB,2105,,,,,,,,,,,,,,2160,,,,,,,,,,,,,,,,,,,,,,,,,,,,,,,,,,,,
20200731,GB,2134,,,,,,,,,,,,,,98,,,,,,,,,,,,,,,,,,,,,,,,,,,,,,,,,,,,
20200801,GB,2157,,,,,,,,,,,,,,345,,,,,,,,,,,,,,,,,,,,,,,,,,,,,,,,,,,,
20200802,GB,2180,,,,,,,,,,,,,,419,,,,,,,,,,,,,,,,,,,,,,,,,,,,,,,,,,,,
20200803,GB,2198,,,,,,,,,,,,,,15845,,,,,,,,,,,,,,,,,,,,,,,,,,,,,,,,,,,,
20200804,GB,2218,,,,,,,,,,,,,,675,,,,,,,,,,,,,,,,,,,,,,,,,,,,,,,,,,,,
20200805,GB,2234,,,,,,,,,,,,,,949,,,,,,,,,,,,,,,,,,,,,,,,,,,,,,,,,,,,
20200806,GB,2287,,,,,,,,,,,,,,25195,,,,,,,,,,,,,,,,,,,,,,,,,,,,,,,,,,,,
20200807,GB,2301,,,,,,,,,,,,,,3668,,,,,,,,,,,,,,,,,,,,,,,,,,,,,,,,,,,,
20200808,GB,2321,,,,,,,,,,,,,,603,,,,,,,,,,,,,,,,,,,,,,,,,,,,,,,,,,,,
20200809,GB,2334,,,,,,,,,,,,,,355,,,,,,,,,,,,,,,,,,,,,,,,,,,,,,,,,,,,
20200810,GB,2371,,,,,,,,,,,,,,7313,,,,,,,,,,,,,,,,,,,,,,,,,,,,,,,,,,,,
20200811,GB,2382,,,,,,,,,,,,,,274,,,,,,,,,,,,,,,,,,,,,,,,,,,,,,,,,,,,
20200812,GB,2402,,,,,,,,,,,,,,1015,,,,,,,,,,,,,,,,,,,,,,,,,,,,,,,,,,,,
20200813,GB,2426,,,,,,,,,,,,,,2007,,,,,,,,,,,,,,,,,,,,,,,,,,,,,,,,,,,,
20200814,GB,2452,,,,,,,,,,,,,,146,,,,,,,,,,,,,,,,,,,,,,,,,,,,,,,,,,,,
20200815,GB,2486,,,,,,,,,,,,,,1215,,,,,,,,,,,,,,,,,,,,,,,,,,,,,,,,,,,,
20200816,GB,2502,,,,,,,,,,,,,,8343,,,,,,,,,,,,,,,,,,,,,,,,,,,,,,,,,,,,
20200817,GB,2358,,,,,,,,,,,,,,335,,,,,,,,,,,,,,,,,,,,,,,,,,,,,,,,,,,,
20200818,GB,2565,,,,,,,,,,,,,,2322,,,,,,,,,,,,,,,,,,,,,,,,,,,,,,,,,,,,
20200819,GB,2583,,,,,,,,,,,,,,9,,,,,,,,,,,,,,,,,,,,,,,,,,,,,,,,,,,,
20200820,GB,2604,,,,,,,,,,,,,,58,,,,,,,,,,,,,,,,,,,,,,,,,,,,,,,,,,,,
20200821,GB,2638,,,,,,,,,,,,,,1672,,,,,,,,,,,,,,,,,,,,,,,,,,,,,,,,,,,,
20200822,GB,2657,,,,,,,,,,,,,,1003,,,,,,,,,,,,,,,,,,,,,,,,,,,,,,,,,,,,
20200823,GB,2682,,,,,,,,,,,,,,131,,,,,,,,,,,,,,,,,,,,,,,,,,,,,,,,,,,,
20200226,AJK,0,,,,,,,,,,,,,,28,,,,,,,,,,,,,,,,,,,,,,,,,,,,,,,,,,,,
20200227,AJK,0,,,,,,,,,,,,,,25,,,,,,,,,,,,,,,,,,,,,,,,,,,,,,,,,,,,
20200228,AJK,0,,,,,,,,,,,,,,1735,,,,,,,,,,,,,,,,,,,,,,,,,,,,,,,,,,,,
20200301,AJK,0,,,,,,,,,,,,,,521,,,,,,,,,,,,,,,,,,,,,,,,,,,,,,,,,,,,
20200302,AJK,0,,,,,,,,,,,,,,0,,,,,,,,,,,,,,,,,,,,,,,,,,,,,,,,,,,,
20200303,AJK,0,,,,,,,,,,,,,,4081,,,,,,,,,,,,,,,,,,,,,,,,,,,,,,,,,,,,
20200304,AJK,0,,,,,,,,,,,,,,10011,,,,,,,,,,,,,,,,,,,,,,,,,,,,,,,,,,,,
20200305,AJK,0,,,,,,,,,,,,,,1729,,,,,,,,,,,,,,,,,,,,,,,,,,,,,,,,,,,,
20200306,AJK,0,,,,,,,,,,,,,,4441,,,,,,,,,,,,,,,,,,,,,,,,,,,,,,,,,,,,
20200307,AJK,0,,,,,,,,,,,,,,589,,,,,,,,,,,,,,,,,,,,,,,,,,,,,,,,,,,,
20200308,AJK,0,,,,,,,,,,,,,,588,,,,,,,,,,,,,,,,,,,,,,,,,,,,,,,,,,,,
20200309,AJK,0,,,,,,,,,,,,,,8051,,,,,,,,,,,,,,,,,,,,,,,,,,,,,,,,,,,,
20200310,AJK,0,,,,,,,,,,,,,,4117,,,,,,,,,,,,,,,,,,,,,,,,,,,,,,,,,,,,
20200311,AJK,0,,,,,,,,,,,,,,5,,,,,,,,,,,,,,,,,,,,,,,,,,,,,,,,,,,,
20200312,AJK,0,,,,,,,,,,,,,,29,,,,,,,,,,,,,,,,,,,,,,,,,,,,,,,,,,,,
20200313,AJK,0,,,,,,,,,,,,,,913,,,,,,,,,,,,,,,,,,,,,,,,,,,,,,,,,,,,
20200314,AJK,0,,,,,,,,,,,,,,223,,,,,,,,,,,,,,,,,,,,,,,,,,,,,,,,,,,,
20200315,AJK,0,,,,,,,,,,,,,,7822,,,,,,,,,,,,,,,,,,,,,,,,,,,,,,,,,,,,
20200316,AJK,0,,,,,,,,,,,,,,3023,,,,,,,,,,,,,,,,,,,,,,,,,,,,,,,,,,,,
20200317,AJK,0,,,,,,,,,,,,,,380,,,,,,,,,,,,,,,,,,,,,,,,,,,,,,,,,,,,
20200318,AJK,1,,,,,,,,,,,,,,764,,,,,,,,,,,,,,,,,,,,,,,,,,,,,,,,,,,,
20200319,AJK,1,,,,,,,,,,,,,,4207,,,,,,,,,,,,,,,,,,,,,,,,,,,,,,,,,,,,
20200320,AJK,1,,,,,,,,,,,,,,8709,,,,,,,,,,,,,,,,,,,,,,,,,,,,,,,,,,,,
20200321,AJK,1,,,,,,,,,,,,,,3565,,,,,,,,,,,,,,,,,,,,,,,,,,,,,,,,,,,,
20200322,AJK,1,,,,,,,,,,,,,,124,,,,,,,,,,,,,,,,,,,,,,,,,,,,,,,,,,,,
20200323,AJK,1,,,,,,,,,,,,,,6524,,,,,,,,,,,,,,,,,,,,,,,,,,,,,,,,,,,,
20200324,AJK,1,,,,,,,,,,,,,,1681,,,,,,,,,,,,,,,,,,,,,,,,,,,,,,,,,,,,
20200325,AJK,1,,,,,,,,,,,,,,1301,,,,,,,,,,,,,,,,,,,,,,,,,,,,,,,,,,,,
20200326,AJK,2,,,,,,,,,,,,,,2,,,,,,,,,,,,,,,,,,,,,,,,,,,,,,,,,,,,
20200327,AJK,2,,,,,,,,,,,,,,1848,,,,,,,,,,,,,,,,,,,,,,,,,,,,,,,,,,,,
20200328,AJK,2,,,,,,,,,,,,,,70,,,,,,,,,,,,,,,,,,,,,,,,,,,,,,,,,,,,
20200329,AJK,6,,,,,,,,,,,,,,2134,,,,,,,,,,,,,,,,,,,,,,,,,,,,,,,,,,,,
20200330,AJK,6,,,,,,,,,,,,,,98,,,,,,,,,,,,,,,,,,,,,,,,,,,,,,,,,,,,
20200331,AJK,6,,,,,,,,,,,,,,340,,,,,,,,,,,,,,,,,,,,,,,,,,,,,,,,,,,,
20200401,AJK,9,,,,,,,,,,,,,,419,,,,,,,,,,,,,,,,,,,,,,,,,,,,,,,,,,,,
20200402,AJK,9,,,,,,,,,,,,,,15836,,,,,,,,,,,,,,,,,,,,,,,,,,,,,,,,,,,,
20200403,AJK,11,,,,,,,,,,,,,,669,,,,,,,,,,,,,,,,,,,,,,,,,,,,,,,,,,,,
20200404,AJK,12,,,,,,,,,,,,,,920,,,,,,,,,,,,,,,,,,,,,,,,,,,,,,,,,,,,
20200405,AJK,15,,,,,,,,,,,,,,25190,,,,,,,,,,,,,,,,,,,,,,,,,,,,,,,,,,,,
20200406,AJK,18,,,,,,,,,,,,,,3652,,,,,,,,,,,,,,,,,,,,,,,,,,,,,,,,,,,,
20200407,AJK,19,,,,,,,,,,,,,,600,,,,,,,,,,,,,,,,,,,,,,,,,,,,,,,,,,,,
20200408,AJK,28,,,,,,,,,,,,,,348,,,,,,,,,,,,,,,,,,,,,,,,,,,,,,,,,,,,
20200409,AJK,33,,,,,,,,,,,,,,7297,,,,,,,,,,,,,,,,,,,,,,,,,,,,,,,,,,,,
20200410,AJK,34,,,,,,,,,,,,,,265,,,,,,,,,,,,,,,,,,,,,,,,,,,,,,,,,,,,
20200411,AJK,35,,,,,,,,,,,,,,1014,,,,,,,,,,,,,,,,,,,,,,,,,,,,,,,,,,,,
20200412,AJK,40,,,,,,,,,,,,,,1962,,,,,,,,,,,,,,,,,,,,,,,,,,,,,,,,,,,,
20200413,AJK,43,,,,,,,,,,,,,,144,,,,,,,,,,,,,,,,,,,,,,,,,,,,,,,,,,,,
20200414,AJK,46,,,,,,,,,,,,,,1206,,,,,,,,,,,,,,,,,,,,,,,,,,,,,,,,,,,,
20200415,AJK,46,,,,,,,,,,,,,,8096,,,,,,,,,,,,,,,,,,,,,,,,,,,,,,,,,,,,
20200416,AJK,46,,,,,,,,,,,,,,335,,,,,,,,,,,,,,,,,,,,,,,,,,,,,,,,,,,,
20200417,AJK,48,,,,,,,,,,,,,,2317,,,,,,,,,,,,,,,,,,,,,,,,,,,,,,,,,,,,
20200418,AJK,48,,,,,,,,,,,,,,9,,,,,,,,,,,,,,,,,,,,,,,,,,,,,,,,,,,,
20200419,AJK,49,,,,,,,,,,,,,,58,,,,,,,,,,,,,,,,,,,,,,,,,,,,,,,,,,,,
20200420,AJK,50,,,,,,,,,,,,,,1653,,,,,,,,,,,,,,,,,,,,,,,,,,,,,,,,,,,,
20200421,AJK,51,,,,,,,,,,,,,,997,,,,,,,,,,,,,,,,,,,,,,,,,,,,,,,,,,,,
20200422,AJK,51,,,,,,,,,,,,,,127,,,,,,,,,,,,,,,,,,,,,,,,,,,,,,,,,,,,
20200423,AJK,55,,,,,,,,,,,,,,28,,,,,,,,,,,,,,,,,,,,,,,,,,,,,,,,,,,,
20200424,AJK,55,,,,,,,,,,,,,,25,,,,,,,,,,,,,,,,,,,,,,,,,,,,,,,,,,,,
20200425,AJK,55,,,,,,,,,,,,,,1714,,,,,,,,,,,,,,,,,,,,,,,,,,,,,,,,,,,,
20200426,AJK,59,,,,,,,,,,,,,,515,,,,,,,,,,,,,,,,,,,,,,,,,,,,,,,,,,,,
20200427,AJK,65,,,,,,,,,,,,,,0,,,,,,,,,,,,,,,,,,,,,,,,,,,,,,,,,,,,
20200428,AJK,65,,,,,,,,,,,,,,4002,,,,,,,,,,,,,,,,,,,,,,,,,,,,,,,,,,,,
20200429,AJK,66,,,,,,,,,,,,,,9869,,,,,,,,,,,,,,,,,,,,,,,,,,,,,,,,,,,,
20200430,AJK,66,,,,,,,,,,,,,,1717,,,,,,,,,,,,,,,,,,,,,,,,,,,,,,,,,,,,
20200501,AJK,66,,,,,,,,,,,,,,4437,,,,,,,,,,,,,,,,,,,,,,,,,,,,,,,,,,,,
20200502,AJK,67,,,,,,,,,,,,,,587,,,,,,,,,,,,,,,,,,,,,,,,,,,,,,,,,,,,
20200503,AJK,71,,,,,,,,,,,,,,587,,,,,,,,,,,,,,,,,,,,,,,,,,,,,,,,,,,,
20200504,AJK,71,,,,,,,,,,,,,,7871,,,,,,,,,,,,,,,,,,,,,,,,,,,,,,,,,,,,
20200505,AJK,76,,,,,,,,,,,,,,4026,,,,,,,,,,,,,,,,,,,,,,,,,,,,,,,,,,,,
20200506,AJK,76,,,,,,,,,,,,,,5,,,,,,,,,,,,,,,,,,,,,,,,,,,,,,,,,,,,
20200507,AJK,78,,,,,,,,,,,,,,27,,,,,,,,,,,,,,,,,,,,,,,,,,,,,,,,,,,,
20200508,AJK,79,,,,,,,,,,,,,,908,,,,,,,,,,,,,,,,,,,,,,,,,,,,,,,,,,,,
20200509,AJK,86,,,,,,,,,,,,,,217,,,,,,,,,,,,,,,,,,,,,,,,,,,,,,,,,,,,
20200510,AJK,86,,,,,,,,,,,,,,7791,,,,,,,,,,,,,,,,,,,,,,,,,,,,,,,,,,,,
20200511,AJK,86,,,,,,,,,,,,,,3013,,,,,,,,,,,,,,,,,,,,,,,,,,,,,,,,,,,,
20200512,AJK,88,,,,,,,,,,,,,,368,,,,,,,,,,,,,,,,,,,,,,,,,,,,,,,,,,,,
20200513,AJK,91,,,,,,,,,,,,,,760,,,,,,,,,,,,,,,,,,,,,,,,,,,,,,,,,,,,
20200514,AJK,105,,,,,,,,,,,,,,4146,,,,,,,,,,,,,,,,,,,,,,,,,,,,,,,,,,,,
20200515,AJK,108,,,,,,,,,,,,,,8691,,,,,,,,,,,,,,,,,,,,,,,,,,,,,,,,,,,,
20200516,AJK,112,,,,,,,,,,,,,,3551,,,,,,,,,,,,,,,,,,,,,,,,,,,,,,,,,,,,
20200517,AJK,112,,,,,,,,,,,,,,124,,,,,,,,,,,,,,,,,,,,,,,,,,,,,,,,,,,,
20200518,AJK,115,,,,,,,,,,,,,,6506,,,,,,,,,,,,,,,,,,,,,,,,,,,,,,,,,,,,
20200519,AJK,133,,,,,,,,,,,,,,1677,,,,,,,,,,,,,,,,,,,,,,,,,,,,,,,,,,,,
20200520,AJK,148,,,,,,,,,,,,,,1280,,,,,,,,,,,,,,,,,,,,,,,,,,,,,,,,,,,,
20200521,AJK,158,,,,,,,,,,,,,,2,,,,,,,,,,,,,,,,,,,,,,,,,,,,,,,,,,,,
20200522,AJK,171,,,,,,,,,,,,,,1825,,,,,,,,,,,,,,,,,,,,,,,,,,,,,,,,,,,,
20200523,AJK,197,,,,,,,,,,,,,,65,,,,,,,,,,,,,,,,,,,,,,,,,,,,,,,,,,,,
20200524,AJK,209,,,,,,,,,,,,,,2092,,,,,,,,,,,,,,,,,,,,,,,,,,,,,,,,,,,,
20200525,AJK,211,,,,,,,,,,,,,,98,,,,,,,,,,,,,,,,,,,,,,,,,,,,,,,,,,,,
20200526,AJK,214,,,,,,,,,,,,,,335,,,,,,,,,,,,,,,,,,,,,,,,,,,,,,,,,,,,
20200527,AJK,219,,,,,,,,,,,,,,418,,,,,,,,,,,,,,,,,,,,,,,,,,,,,,,,,,,,
20200528,AJK,227,,,,,,,,,,,,,,15825,,,,,,,,,,,,,,,,,,,,,,,,,,,,,,,,,,,,
20200529,AJK,234,,,,,,,,,,,,,,667,,,,,,,,,,,,,,,,,,,,,,,,,,,,,,,,,,,,
20200530,AJK,251,,,,,,,,,,,,,,900,,,,,,,,,,,,,,,,,,,,,,,,,,,,,,,,,,,,
20200531,AJK,255,,,,,,,,,,,,,,25185,,,,,,,,,,,,,,,,,,,,,,,,,,,,,,,,,,,,
20200601,AJK,271,,,,,,,,,,,,,,3618,,,,,,,,,,,,,,,,,,,,,,,,,,,,,,,,,,,,
20200602,AJK,284,,,,,,,,,,,,,,593,,,,,,,,,,,,,,,,,,,,,,,,,,,,,,,,,,,,
20200603,AJK,285,,,,,,,,,,,,,,339,,,,,,,,,,,,,,,,,,,,,,,,,,,,,,,,,,,,
20200604,AJK,299,,,,,,,,,,,,,,7282,,,,,,,,,,,,,,,,,,,,,,,,,,,,,,,,,,,,
20200605,AJK,331,,,,,,,,,,,,,,258,,,,,,,,,,,,,,,,,,,,,,,,,,,,,,,,,,,,
20200606,AJK,361,,,,,,,,,,,,,,1014,,,,,,,,,,,,,,,,,,,,,,,,,,,,,,,,,,,,
20200607,AJK,396,,,,,,,,,,,,,,1943,,,,,,,,,,,,,,,,,,,,,,,,,,,,,,,,,,,,
20200608,AJK,412,,,,,,,,,,,,,,141,,,,,,,,,,,,,,,,,,,,,,,,,,,,,,,,,,,,
20200609,AJK,444,,,,,,,,,,,,,,1186,,,,,,,,,,,,,,,,,,,,,,,,,,,,,,,,,,,,
20200610,AJK,488,,,,,,,,,,,,,,7803,,,,,,,,,,,,,,,,,,,,,,,,,,,,,,,,,,,,
20200611,AJK,534,,,,,,,,,,,,,,330,,,,,,,,,,,,,,,,,,,,,,,,,,,,,,,,,,,,
20200612,AJK,574,,,,,,,,,,,,,,2299,,,,,,,,,,,,,,,,,,,,,,,,,,,,,,,,,,,,
20200613,AJK,604,,,,,,,,,,,,,,9,,,,,,,,,,,,,,,,,,,,,,,,,,,,,,,,,,,,
20200614,AJK,647,,,,,,,,,,,,,,58,,,,,,,,,,,,,,,,,,,,,,,,,,,,,,,,,,,,
20200615,AJK,663,,,,,,,,,,,,,,1624,,,,,,,,,,,,,,,,,,,,,,,,,,,,,,,,,,,,
20200616,AJK,703,,,,,,,,,,,,,,985,,,,,,,,,,,,,,,,,,,,,,,,,,,,,,,,,,,,
20200617,AJK,740,,,,,,,,,,,,,,124,,,,,,,,,,,,,,,,,,,,,,,,,,,,,,,,,,,,
20200618,AJK,769,,,,,,,,,,,,,,27,,,,,,,,,,,,,,,,,,,,,,,,,,,,,,,,,,,,
20200619,AJK,803,,,,,,,,,,,,,,25,,,,,,,,,,,,,,,,,,,,,,,,,,,,,,,,,,,,
20200620,AJK,813,,,,,,,,,,,,,,1695,,,,,,,,,,,,,,,,,,,,,,,,,,,,,,,,,,,,
20200621,AJK,845,,,,,,,,,,,,,,508,,,,,,,,,,,,,,,,,,,,,,,,,,,,,,,,,,,,
20200622,AJK,869,,,,,,,,,,,,,,0,,,,,,,,,,,,,,,,,,,,,,,,,,,,,,,,,,,,
20200623,AJK,892,,,,,,,,,,,,,,3932,,,,,,,,,,,,,,,,,,,,,,,,,,,,,,,,,,,,
20200624,AJK,930,,,,,,,,,,,,,,9703,,,,,,,,,,,,,,,,,,,,,,,,,,,,,,,,,,,,
20200625,AJK,962,,,,,,,,,,,,,,1710,,,,,,,,,,,,,,,,,,,,,,,,,,,,,,,,,,,,
20200626,AJK,1003,,,,,,,,,,,,,,4437,,,,,,,,,,,,,,,,,,,,,,,,,,,,,,,,,,,,
20200627,AJK,1027,,,,,,,,,,,,,,587,,,,,,,,,,,,,,,,,,,,,,,,,,,,,,,,,,,,
20200628,AJK,1049,,,,,,,,,,,,,,587,,,,,,,,,,,,,,,,,,,,,,,,,,,,,,,,,,,,
20200629,AJK,1065,,,,,,,,,,,,,,7751,,,,,,,,,,,,,,,,,,,,,,,,,,,,,,,,,,,,
20200630,AJK,1093,,,,,,,,,,,,,,3984,,,,,,,,,,,,,,,,,,,,,,,,,,,,,,,,,,,,
20200701,AJK,1135,,,,,,,,,,,,,,5,,,,,,,,,,,,,,,,,,,,,,,,,,,,,,,,,,,,
20200702,AJK,1160,,,,,,,,,,,,,,27,,,,,,,,,,,,,,,,,,,,,,,,,,,,,,,,,,,,
20200703,AJK,1214,,,,,,,,,,,,,,899,,,,,,,,,,,,,,,,,,,,,,,,,,,,,,,,,,,,
20200704,AJK,1288,,,,,,,,,,,,,,210,,,,,,,,,,,,,,,,,,,,,,,,,,,,,,,,,,,,
20200705,AJK,1342,,,,,,,,,,,,,,7770,,,,,,,,,,,,,,,,,,,,,,,,,,,,,,,,,,,,
20200706,AJK,1383,,,,,,,,,,,,,,3007,,,,,,,,,,,,,,,,,,,,,,,,,,,,,,,,,,,,
20200707,AJK,1419,,,,,,,,,,,,,,368,,,,,,,,,,,,,,,,,,,,,,,,,,,,,,,,,,,,
20200708,AJK,1459,,,,,,,,,,,,,,752,,,,,,,,,,,,,,,,,,,,,,,,,,,,,,,,,,,,
20200709,AJK,1485,,,,,,,,,,,,,,4096,,,,,,,,,,,,,,,,,,,,,,,,,,,,,,,,,,,,
20200710,AJK,1532,,,,,,,,,,,,,,8659,,,,,,,,,,,,,,,,,,,,,,,,,,,,,,,,,,,,
20200711,AJK,1564,,,,,,,,,,,,,,3536,,,,,,,,,,,,,,,,,,,,,,,,,,,,,,,,,,,,
20200712,AJK,1599,,,,,,,,,,,,,,124,,,,,,,,,,,,,,,,,,,,,,,,,,,,,,,,,,,,
20200713,AJK,1655,,,,,,,,,,,,,,6478,,,,,,,,,,,,,,,,,,,,,,,,,,,,,,,,,,,,
20200714,AJK,1688,,,,,,,,,,,,,,1670,,,,,,,,,,,,,,,,,,,,,,,,,,,,,,,,,,,,
20200715,AJK,1771,,,,,,,,,,,,,,1272,,,,,,,,,,,,,,,,,,,,,,,,,,,,,,,,,,,,
20200716,AJK,1808,,,,,,,,,,,,,,2,,,,,,,,,,,,,,,,,,,,,,,,,,,,,,,,,,,,
20200717,AJK,1840,,,,,,,,,,,,,,1804,,,,,,,,,,,,,,,,,,,,,,,,,,,,,,,,,,,,
20200718,AJK,1888,,,,,,,,,,,,,,65,,,,,,,,,,,,,,,,,,,,,,,,,,,,,,,,,,,,
20200719,AJK,1915,,,,,,,,,,,,,,2050,,,,,,,,,,,,,,,,,,,,,,,,,,,,,,,,,,,,
20200720,AJK,1922,,,,,,,,,,,,,,96,,,,,,,,,,,,,,,,,,,,,,,,,,,,,,,,,,,,
20200721,AJK,1937,,,,,,,,,,,,,,332,,,,,,,,,,,,,,,,,,,,,,,,,,,,,,,,,,,,
20200722,AJK,1961,,,,,,,,,,,,,,418,,,,,,,,,,,,,,,,,,,,,,,,,,,,,,,,,,,,
20200723,AJK,1989,,,,,,,,,,,,,,15818,,,,,,,,,,,,,,,,,,,,,,,,,,,,,,,,,,,,
20200724,AJK,2012,,,,,,,,,,,,,,658,,,,,,,,,,,,,,,,,,,,,,,,,,,,,,,,,,,,
20200725,AJK,2023,,,,,,,,,,,,,,890,,,,,,,,,,,,,,,,,,,,,,,,,,,,,,,,,,,,
20200726,AJK,2034,,,,,,,,,,,,,,25179,,,,,,,,,,,,,,,,,,,,,,,,,,,,,,,,,,,,
20200727,AJK,2040,,,,,,,,,,,,,,3596,,,,,,,,,,,,,,,,,,,,,,,,,,,,,,,,,,,,
20200728,AJK,2055,,,,,,,,,,,,,,583,,,,,,,,,,,,,,,,,,,,,,,,,,,,,,,,,,,,
20200729,AJK,2065,,,,,,,,,,,,,,338,,,,,,,,,,,,,,,,,,,,,,,,,,,,,,,,,,,,
20200730,AJK,2073,,,,,,,,,,,,,,7244,,,,,,,,,,,,,,,,,,,,,,,,,,,,,,,,,,,,
20200731,AJK,2084,,,,,,,,,,,,,,246,,,,,,,,,,,,,,,,,,,,,,,,,,,,,,,,,,,,
20200801,AJK,2086,,,,,,,,,,,,,,1012,,,,,,,,,,,,,,,,,,,,,,,,,,,,,,,,,,,,
20200802,AJK,2093,,,,,,,,,,,,,,1894,,,,,,,,,,,,,,,,,,,,,,,,,,,,,,,,,,,,
20200803,AJK,2097,,,,,,,,,,,,,,137,,,,,,,,,,,,,,,,,,,,,,,,,,,,,,,,,,,,
20200804,AJK,2105,,,,,,,,,,,,,,1144,,,,,,,,,,,,,,,,,,,,,,,,,,,,,,,,,,,,
20200805,AJK,2116,,,,,,,,,,,,,,7497,,,,,,,,,,,,,,,,,,,,,,,,,,,,,,,,,,,,
20200806,AJK,2124,,,,,,,,,,,,,,327,,,,,,,,,,,,,,,,,,,,,,,,,,,,,,,,,,,,
20200807,AJK,2129,,,,,,,,,,,,,,2274,,,,,,,,,,,,,,,,,,,,,,,,,,,,,,,,,,,,
20200808,AJK,2134,,,,,,,,,,,,,,8,,,,,,,,,,,,,,,,,,,,,,,,,,,,,,,,,,,,
20200809,AJK,2141,,,,,,,,,,,,,,57,,,,,,,,,,,,,,,,,,,,,,,,,,,,,,,,,,,,
20200810,AJK,2150,,,,,,,,,,,,,,1619,,,,,,,,,,,,,,,,,,,,,,,,,,,,,,,,,,,,
20200811,AJK,2157,,,,,,,,,,,,,,977,,,,,,,,,,,,,,,,,,,,,,,,,,,,,,,,,,,,
20200812,AJK,2164,,,,,,,,,,,,,,124,,,,,,,,,,,,,,,,,,,,,,,,,,,,,,,,,,,,
20200813,AJK,2167,,,,,,,,,,,,,,27,,,,,,,,,,,,,,,,,,,,,,,,,,,,,,,,,,,,
20200814,AJK,2179,,,,,,,,,,,,,,25,,,,,,,,,,,,,,,,,,,,,,,,,,,,,,,,,,,,
20200815,AJK,2181,,,,,,,,,,,,,,1666,,,,,,,,,,,,,,,,,,,,,,,,,,,,,,,,,,,,
20200816,AJK,2184,,,,,,,,,,,,,,490,,,,,,,,,,,,,,,,,,,,,,,,,,,,,,,,,,,,
20200817,AJK,2199,,,,,,,,,,,,,,0,,,,,,,,,,,,,,,,,,,,,,,,,,,,,,,,,,,,
20200818,AJK,2212,,,,,,,,,,,,,,3845,,,,,,,,,,,,,,,,,,,,,,,,,,,,,,,,,,,,
20200819,AJK,2219,,,,,,,,,,,,,,9501,,,,,,,,,,,,,,,,,,,,,,,,,,,,,,,,,,,,
20200820,AJK,2223,,,,,,,,,,,,,,1710,,,,,,,,,,,,,,,,,,,,,,,,,,,,,,,,,,,,
20200821,AJK,2241,,,,,,,,,,,,,,4437,,,,,,,,,,,,,,,,,,,,,,,,,,,,,,,,,,,,
20200822,AJK,2245,,,,,,,,,,,,,,587,,,,,,,,,,,,,,,,,,,,,,,,,,,,,,,,,,,,
20200823,AJK,2254,,,,,,,,,,,,,,587,,,,,,,,,,,,,,,,,,,,,,,,,,,,,,,,,,,,
20200420,Pakistan,9216,,,,,,,,,,,,,,4437,,,,,,,,,,,,,,,,,,,,,,,,,,,,,,,,,,,,
20200421,Pakistan,9771,,,,,,,,,,,,,,586,,,,,,,,,,,,,,,,,,,,,,,,,,,,,,,,,,,,
20200422,Pakistan,10513,,,,,,,,,,,,,,585,,,,,,,,,,,,,,,,,,,,,,,,,,,,,,,,,,,,
20200423,Pakistan,11155,,,,,,,,,,,,,,7279,,,,,,,,,,,,,,,,,,,,,,,,,,,,,,,,,,,,
20200424,Pakistan,11940,,,,,,,,,,,,,,3842,,,,,,,,,,,,,,,,,,,,,,,,,,,,,,,,,,,,
20200425,Pakistan,12723,,,,,,,,,,,,,,5,,,,,,,,,,,,,,,,,,,,,,,,,,,,,,,,,,,,
20200426,Pakistan,13328,,,,,,,,,,,,,,26,,,,,,,,,,,,,,,,,,,,,,,,,,,,,,,,,,,,
20200427,Pakistan,14079,,,,,,,,,,,,,,882,,,,,,,,,,,,,,,,,,,,,,,,,,,,,,,,,,,,
20200428,Pakistan,14885,,,,,,,,,,,,,,197,,,,,,,,,,,,,,,,,,,,,,,,,,,,,,,,,,,,
20200429,Pakistan,15827,,,,,,,,,,,,,,7723,,,,,,,,,,,,,,,,,,,,,,,,,,,,,,,,,,,,
20200430,Pakistan,16817,,,,,,,,,,,,,,2980,,,,,,,,,,,,,,,,,,,,,,,,,,,,,,,,,,,,
20200501,Pakistan,18114,,,,,,,,,,,,,,365,,,,,,,,,,,,,,,,,,,,,,,,,,,,,,,,,,,,
20200502,Pakistan,19103,,,,,,,,,,,,,,744,,,,,,,,,,,,,,,,,,,,,,,,,,,,,,,,,,,,
20200503,Pakistan,20186,,,,,,,,,,,,,,4024,,,,,,,,,,,,,,,,,,,,,,,,,,,,,,,,,,,,
20200504,Pakistan,21501,,,,,,,,,,,,,,8648,,,,,,,,,,,,,,,,,,,,,,,,,,,,,,,,,,,,
20200505,Pakistan,22550,,,,,,,,,,,,,,3523,,,,,,,,,,,,,,,,,,,,,,,,,,,,,,,,,,,,
20200506,Pakistan,24073,,,,,,,,,,,,,,124,,,,,,,,,,,,,,,,,,,,,,,,,,,,,,,,,,,,
20200507,Pakistan,25837,,,,,,,,,,,,,,6463,,,,,,,,,,,,,,,,,,,,,,,,,,,,,,,,,,,,
20200508,Pakistan,27474,,,,,,,,,,,,,,1656,,,,,,,,,,,,,,,,,,,,,,,,,,,,,,,,,,,,
20200509,Pakistan,29465,,,,,,,,,,,,,,1255,,,,,,,,,,,,,,,,,,,,,,,,,,,,,,,,,,,,
20200510,Pakistan,30941,,,,,,,,,,,,,,2,,,,,,,,,,,,,,,,,,,,,,,,,,,,,,,,,,,,
20200511,Pakistan,32081,,,,,,,,,,,,,,1711,,,,,,,,,,,,,,,,,,,,,,,,,,,,,,,,,,,,
20200512,Pakistan,34336,,,,,,,,,,,,,,64,,,,,,,,,,,,,,,,,,,,,,,,,,,,,,,,,,,,
20200513,Pakistan,35788,,,,,,,,,,,,,,1982,,,,,,,,,,,,,,,,,,,,,,,,,,,,,,,,,,,,
20200514,Pakistan,37218,,,,,,,,,,,,,,95,,,,,,,,,,,,,,,,,,,,,,,,,,,,,,,,,,,,
20200515,Pakistan,38799,,,,,,,,,,,,,,332,,,,,,,,,,,,,,,,,,,,,,,,,,,,,,,,,,,,
20200516,Pakistan,40151,,,,,,,,,,,,,,417,,,,,,,,,,,,,,,,,,,,,,,,,,,,,,,,,,,,
20200517,Pakistan,42125,,,,,,,,,,,,,,15800,,,,,,,,,,,,,,,,,,,,,,,,,,,,,,,,,,,,
20200518,Pakistan,43966,,,,,,,,,,,,,,654,,,,,,,,,,,,,,,,,,,,,,,,,,,,,,,,,,,,
20200519,Pakistan,45898,,,,,,,,,,,,,,847,,,,,,,,,,,,,,,,,,,,,,,,,,,,,,,,,,,,
20200520,Pakistan,48091,,,,,,,,,,,,,,25172,,,,,,,,,,,,,,,,,,,,,,,,,,,,,,,,,,,,
20200521,Pakistan,50694,,,,,,,,,,,,,,3539,,,,,,,,,,,,,,,,,,,,,,,,,,,,,,,,,,,,
20200522,Pakistan,52437,,,,,,,,,,,,,,551,,,,,,,,,,,,,,,,,,,,,,,,,,,,,,,,,,,,
20200523,Pakistan,54601,,,,,,,,,,,,,,328,,,,,,,,,,,,,,,,,,,,,,,,,,,,,,,,,,,,
20200524,Pakistan,56349,,,,,,,,,,,,,,7209,,,,,,,,,,,,,,,,,,,,,,,,,,,,,,,,,,,,
20200525,Pakistan,57705,,,,,,,,,,,,,,230,,,,,,,,,,,,,,,,,,,,,,,,,,,,,,,,,,,,
20200526,Pakistan,59151,,,,,,,,,,,,,,1010,,,,,,,,,,,,,,,,,,,,,,,,,,,,,,,,,,,,
20200527,Pakistan,61392,,,,,,,,,,,,,,1793,,,,,,,,,,,,,,,,,,,,,,,,,,,,,,,,,,,,
20200528,Pakistan,64028,,,,,,,,,,,,,,135,,,,,,,,,,,,,,,,,,,,,,,,,,,,,,,,,,,,
20200529,Pakistan,66457,,,,,,,,,,,,,,1092,,,,,,,,,,,,,,,,,,,,,,,,,,,,,,,,,,,,
20200530,Pakistan,69496,,,,,,,,,,,,,,7016,,,,,,,,,,,,,,,,,,,,,,,,,,,,,,,,,,,,
20200531,Pakistan,72460,,,,,,,,,,,,,,314,,,,,,,,,,,,,,,,,,,,,,,,,,,,,,,,,,,,
20200601,Pakistan,76332,,,,,,,,,,,,,,2218,,,,,,,,,,,,,,,,,,,,,,,,,,,,,,,,,,,,
20200602,Pakistan,80576,,,,,,,,,,,,,,8,,,,,,,,,,,,,,,,,,,,,,,,,,,,,,,,,,,,
20200603,Pakistan,84353,,,,,,,,,,,,,,57,,,,,,,,,,,,,,,,,,,,,,,,,,,,,,,,,,,,
20200604,Pakistan,89249,,,,,,,,,,,,,,1596,,,,,,,,,,,,,,,,,,,,,,,,,,,,,,,,,,,,
20200605,Pakistan,93983,,,,,,,,,,,,,,956,,,,,,,,,,,,,,,,,,,,,,,,,,,,,,,,,,,,
20200606,Pakistan,98943,,,,,,,,,,,,,,117,,,,,,,,,,,,,,,,,,,,,,,,,,,,,,,,,,,,
20200607,Pakistan,103671,,,,,,,,,,,,,,27,,,,,,,,,,,,,,,,,,,,,,,,,,,,,,,,,,,,
20200608,Pakistan,108317,,,,,,,,,,,,,,24,,,,,,,,,,,,,,,,,,,,,,,,,,,,,,,,,,,,
20200609,Pakistan,113702,,,,,,,,,,,,,,1627,,,,,,,,,,,,,,,,,,,,,,,,,,,,,,,,,,,,
20200610,Pakistan,119536,,,,,,,,,,,,,,458,,,,,,,,,,,,,,,,,,,,,,,,,,,,,,,,,,,,
20200611,Pakistan,125933,,,,,,,,,,,,,,0,,,,,,,,,,,,,,,,,,,,,,,,,,,,,,,,,,,,
20200612,Pakistan,132405,,,,,,,,,,,,,,3765,,,,,,,,,,,,,,,,,,,,,,,,,,,,,,,,,,,,
20200613,Pakistan,139230,,,,,,,,,,,,,,9356,,,,,,,,,,,,,,,,,,,,,,,,,,,,,,,,,,,,
20200614,Pakistan,144478,,,,,,,,,,,,,,1691,,,,,,,,,,,,,,,,,,,,,,,,,,,,,,,,,,,,
20200615,Pakistan,148921,,,,,,,,,,,,,,4432,,,,,,,,,,,,,,,,,,,,,,,,,,,,,,,,,,,,
20200616,Pakistan,154760,,,,,,,,,,,,,,586,,,,,,,,,,,,,,,,,,,,,,,,,,,,,,,,,,,,
20200617,Pakistan,160118,,,,,,,,,,,,,,585,,,,,,,,,,,,,,,,,,,,,,,,,,,,,,,,,,,,
20200618,Pakistan,165062,,,,,,,,,,,,,,7206,,,,,,,,,,,,,,,,,,,,,,,,,,,,,,,,,,,,
20200619,Pakistan,171666,,,,,,,,,,,,,,3840,,,,,,,,,,,,,,,,,,,,,,,,,,,,,,,,,,,,
20200620,Pakistan,176617,,,,,,,,,,,,,,5,,,,,,,,,,,,,,,,,,,,,,,,,,,,,,,,,,,,
20200621,Pakistan,181088,,,,,,,,,,,,,,26,,,,,,,,,,,,,,,,,,,,,,,,,,,,,,,,,,,,
20200622,Pakistan,185034,,,,,,,,,,,,,,876,,,,,,,,,,,,,,,,,,,,,,,,,,,,,,,,,,,,
20200623,Pakistan,188926,,,,,,,,,,,,,,197,,,,,,,,,,,,,,,,,,,,,,,,,,,,,,,,,,,,
20200624,Pakistan,192970,,,,,,,,,,,,,,7714,,,,,,,,,,,,,,,,,,,,,,,,,,,,,,,,,,,,
20200625,Pakistan,195745,,,,,,,,,,,,,,2975,,,,,,,,,,,,,,,,,,,,,,,,,,,,,,,,,,,,
20200626,Pakistan,198883,,,,,,,,,,,,,,358,,,,,,,,,,,,,,,,,,,,,,,,,,,,,,,,,,,,
20200627,Pakistan,202955,,,,,,,,,,,,,,742,,,,,,,,,,,,,,,,,,,,,,,,,,,,,,,,,,,,
20200628,Pakistan,206491,,,,,,,,,,,,,,4007,,,,,,,,,,,,,,,,,,,,,,,,,,,,,,,,,,,,
20200629,Pakistan,209337,,,,,,,,,,,,,,8638,,,,,,,,,,,,,,,,,,,,,,,,,,,,,,,,,,,,
20200630,Pakistan,213470,,,,,,,,,,,,,,3515,,,,,,,,,,,,,,,,,,,,,,,,,,,,,,,,,,,,
20200701,Pakistan,217809,,,,,,,,,,,,,,123,,,,,,,,,,,,,,,,,,,,,,,,,,,,,,,,,,,,
20200702,Pakistan,221896,,,,,,,,,,,,,,6457,,,,,,,,,,,,,,,,,,,,,,,,,,,,,,,,,,,,
20200703,Pakistan,225283,,,,,,,,,,,,,,1654,,,,,,,,,,,,,,,,,,,,,,,,,,,,,,,,,,,,
20200704,Pakistan,228474,,,,,,,,,,,,,,1253,,,,,,,,,,,,,,,,,,,,,,,,,,,,,,,,,,,,
20200705,Pakistan,231818,,,,,,,,,,,,,,2,,,,,,,,,,,,,,,,,,,,,,,,,,,,,,,,,,,,
20200706,Pakistan,234509,,,,,,,,,,,,,,1703,,,,,,,,,,,,,,,,,,,,,,,,,,,,,,,,,,,,
20200707,Pakistan,237489,,,,,,,,,,,,,,61,,,,,,,,,,,,,,,,,,,,,,,,,,,,,,,,,,,,
20200708,Pakistan,240848,,,,,,,,,,,,,,1969,,,,,,,,,,,,,,,,,,,,,,,,,,,,,,,,,,,,
20200709,Pakistan,243599,,,,,,,,,,,,,,95,,,,,,,,,,,,,,,,,,,,,,,,,,,,,,,,,,,,
20200710,Pakistan,246351,,,,,,,,,,,,,,332,,,,,,,,,,,,,,,,,,,,,,,,,,,,,,,,,,,,
20200711,Pakistan,248856,,,,,,,,,,,,,,416,,,,,,,,,,,,,,,,,,,,,,,,,,,,,,,,,,,,
20200712,Pakistan,251625,,,,,,,,,,,,,,15790,,,,,,,,,,,,,,,,,,,,,,,,,,,,,,,,,,,,
20200713,Pakistan,253604,,,,,,,,,,,,,,651,,,,,,,,,,,,,,,,,,,,,,,,,,,,,,,,,,,,
20200714,Pakistan,255769,,,,,,,,,,,,,,832,,,,,,,,,,,,,,,,,,,,,,,,,,,,,,,,,,,,
20200715,Pakistan,257914,,,,,,,,,,,,,,25170,,,,,,,,,,,,,,,,,,,,,,,,,,,,,,,,,,,,
20200716,Pakistan,259999,,,,,,,,,,,,,,3529,,,,,,,,,,,,,,,,,,,,,,,,,,,,,,,,,,,,
20200717,Pakistan,261917,,,,,,,,,,,,,,550,,,,,,,,,,,,,,,,,,,,,,,,,,,,,,,,,,,,
20200718,Pakistan,263496,,,,,,,,,,,,,,326,,,,,,,,,,,,,,,,,,,,,,,,,,,,,,,,,,,,
20200719,Pakistan,265083,,,,,,,,,,,,,,7209,,,,,,,,,,,,,,,,,,,,,,,,,,,,,,,,,,,,
20200720,Pakistan,266096,,,,,,,,,,,,,,230,,,,,,,,,,,,,,,,,,,,,,,,,,,,,,,,,,,,
20200721,Pakistan,267428,,,,,,,,,,,,,,1007,,,,,,,,,,,,,,,,,,,,,,,,,,,,,,,,,,,,
20200722,Pakistan,269191,,,,,,,,,,,,,,1777,,,,,,,,,,,,,,,,,,,,,,,,,,,,,,,,,,,,
20200723,Pakistan,270400,,,,,,,,,,,,,,135,,,,,,,,,,,,,,,,,,,,,,,,,,,,,,,,,,,,
20200724,Pakistan,271887,,,,,,,,,,,,,,1073,,,,,,,,,,,,,,,,,,,,,,,,,,,,,,,,,,,,
20200725,Pakistan,273113,,,,,,,,,,,,,,6837,,,,,,,,,,,,,,,,,,,,,,,,,,,,,,,,,,,,
20200726,Pakistan,274289,,,,,,,,,,,,,,311,,,,,,,,,,,,,,,,,,,,,,,,,,,,,,,,,,,,
20200727,Pakistan,275225,,,,,,,,,,,,,,2218,,,,,,,,,,,,,,,,,,,,,,,,,,,,,,,,,,,,
20200728,Pakistan,276288,,,,,,,,,,,,,,8,,,,,,,,,,,,,,,,,,,,,,,,,,,,,,,,,,,,
20200729,Pakistan,277402,,,,,,,,,,,,,,57,,,,,,,,,,,,,,,,,,,,,,,,,,,,,,,,,,,,
20200730,Pakistan,278305,,,,,,,,,,,,,,1592,,,,,,,,,,,,,,,,,,,,,,,,,,,,,,,,,,,,
20200731,Pakistan,279146,,,,,,,,,,,,,,955,,,,,,,,,,,,,,,,,,,,,,,,,,,,,,,,,,,,
20200801,Pakistan,279699,,,,,,,,,,,,,,117,,,,,,,,,,,,,,,,,,,,,,,,,,,,,,,,,,,,
20200802,Pakistan,280029,,,,,,,,,,,,,,26,,,,,,,,,,,,,,,,,,,,,,,,,,,,,,,,,,,,
20200803,Pakistan,280461,,,,,,,,,,,,,,24,,,,,,,,,,,,,,,,,,,,,,,,,,,,,,,,,,,,
20200804,Pakistan,281136,,,,,,,,,,,,,,1603,,,,,,,,,,,,,,,,,,,,,,,,,,,,,,,,,,,,
20200805,Pakistan,281863,,,,,,,,,,,,,,460,,,,,,,,,,,,,,,,,,,,,,,,,,,,,,,,,,,,
20200806,Pakistan,282645,,,,,,,,,,,,,,0,,,,,,,,,,,,,,,,,,,,,,,,,,,,,,,,,,,,
20200807,Pakistan,283487,,,,,,,,,,,,,,3747,,,,,,,,,,,,,,,,,,,,,,,,,,,,,,,,,,,,
20200808,Pakistan,284121,,,,,,,,,,,,,,9224,,,,,,,,,,,,,,,,,,,,,,,,,,,,,,,,,,,,
20200809,Pakistan,284660,,,,,,,,,,,,,,1691,,,,,,,,,,,,,,,,,,,,,,,,,,,,,,,,,,,,
20200810,Pakistan,285191,,,,,,,,,,,,,,4432,,,,,,,,,,,,,,,,,,,,,,,,,,,,,,,,,,,,
20200811,Pakistan,285921,,,,,,,,,,,,,,585,,,,,,,,,,,,,,,,,,,,,,,,,,,,,,,,,,,,
20200812,Pakistan,286674,,,,,,,,,,,,,,585,,,,,,,,,,,,,,,,,,,,,,,,,,,,,,,,,,,,
20200813,Pakistan,287300,,,,,,,,,,,,,,7144,,,,,,,,,,,,,,,,,,,,,,,,,,,,,,,,,,,,
20200814,Pakistan,288047,,,,,,,,,,,,,,3825,,,,,,,,,,,,,,,,,,,,,,,,,,,,,,,,,,,,
20200815,Pakistan,288717,,,,,,,,,,,,,,5,,,,,,,,,,,,,,,,,,,,,,,,,,,,,,,,,,,,
20200816,Pakistan,289215,,,,,,,,,,,,,,26,,,,,,,,,,,,,,,,,,,,,,,,,,,,,,,,,,,,
20200817,Pakistan,289832,,,,,,,,,,,,,,872,,,,,,,,,,,,,,,,,,,,,,,,,,,,,,,,,,,,
20200818,Pakistan,290445,,,,,,,,,,,,,,189,,,,,,,,,,,,,,,,,,,,,,,,,,,,,,,,,,,,
20200819,Pakistan,290958,,,,,,,,,,,,,,7700,,,,,,,,,,,,,,,,,,,,,,,,,,,,,,,,,,,,
20200820,Pakistan,291588,,,,,,,,,,,,,,2971,,,,,,,,,,,,,,,,,,,,,,,,,,,,,,,,,,,,
20200821,Pakistan,292174,,,,,,,,,,,,,,358,,,,,,,,,,,,,,,,,,,,,,,,,,,,,,,,,,,,
20200822,Pakistan,292765,,,,,,,,,,,,,,740,,,,,,,,,,,,,,,,,,,,,,,,,,,,,,,,,,,,
20200823,Pakistan,293261,,,,,,,,,,,,,,3949,,,,,,,,,,,,,,,,,,,,,,,,,,,,,,,,,,,,
